"# @inbook{heinrich1995x, author={Heinrich, Kurt F J}, chapter={{An Evaluation of Electron Probe Methods}}, title={{X-Ray Spectrometry in Electron Beam Instruments}}, editor={Goldstein, Joseph and Newbury, Dale E and Williams, David B}, year={1995}, publisher={Plenum Press} }",,,,,,,,,
"# Scanned from Heinrich's original manuscript by John Fournelle and digitized by Aurelien Moy - May 2020",,,,,,,,,
"# Item 909 is missing from both the author's manuscript and the published document",,,,,,,,,
"# The sources of data used in the compilation are as follows:",,,,,,,,,
"# 1. Bastin’s measurements of borides: G. F. Bastin and H. J. M. Heijligers, Report ISBN 90-68 19-006—7 CIP, University for Physical Chemistry, Eindhoven, Netherlands.",,,,,,,,,
"# 2. Goldstein et al. measurements: J. I. Goldstein, F. J. Majeske, and H. Yakowitz, Adv. X-Ray Anal. 10, 431 (1967).",,,,,,,,,
"# 3. J. Colby and D. K. Conley’s measurements: J. Colby and D. K. Conley, in: X-Ray Optics and Microanalysis, (Castaing et al., eds.), Hermann, Paris, p. 263 (1966).",,,,,,,,,
"# 4. NBS 1 measurements: K. F. J. Heinrich et al., NBS Special Publication 260—28 (1971).",,,,,,,,,
"# 5. Pouchou’s compilation: J.-L. Pouchou, in: Electron Probe Quantitation (K. F. J. Heinrich and D. E. Newbury, eds.) Plenum, New York, p. 64 (1991).",,,,,,,,,
"# 6. Sewell et al. compilation: D. A. Sewell, G. Love and V. D. Scott, J. Phys. D: Appl. Phys. 18, 1245 (1985).",,,,,,,,,
"# 7. Bastin Data Basis: personal communication (1990).",,,,,,,,,
"# 8. NBS 2 measurements: R. Marinenko (NBS) and Hiroyoshi Konuma (Jap. Nat. Res. Inst. of Police Science, Tokyo), 1986 (unpublished).",,,,,,,,,
"# 9. P. F. Hlava’s (Sandia) measurements: personal communication. See also: A. D. Romig Jr. et al., in: Microbeam Analysis—1987 (R. H. Geiss, ed.) San Francisco Press, San Francisco, p. 15 (1987)",,,,,,,,,
"# 10. Schreiber’s measurements: T. P. Schreiber and R. A. Waldo, in: Proceedings of ICXOM11, (J.D. Brown and R. H. Packwood, eds.), U. London, Ontario, Canada, p.265 (1986).",,,,,,,,,
"# 11. Bastin compilation 2: personal communication (1990)",,,,,,,,,
"# Line: Ka=1, Kb=2, La1=3, Lb1=4, Ma1=8, Mb1=9",,,,,,,,,
"# Items 857 to 860 appear to be in error by a factor of 0.1 in Heinrich's document. Otherwise the data seems reliable.",,,,,,,,,
Item,Line,Z1,Z2,C1,E0,Ec,TOA,Kexp,Origin
1,1,5,6,0.782,4000,188,40,0.721,7
2,1,5,6,0.7981,4000,188,40,0.7768,1
3,1,5,6,0.7981,6000,188,40,0.7754,1
4,1,5,6,0.7981,8000,188,40,0.7471,1
5,1,5,6,0.7981,10000,188,40,0.7309,1
6,1,5,6,0.7981,12000,188,40,0.7132,1
7,1,5,6,0.7981,15000,188,40,0.6853,1
8,1,5,6,0.7981,20000,188,40,0.6544,1
9,1,5,6,0.7981,25000,188,40,0.6516,1
10,1,5,6,0.7981,30000,188,40,0.6574,1
11,1,5,7,0.4348,10000,188,40,0.236,1
12,1,5,7,0.4348,12000,188,40,0.223,1
13,1,5,7,0.4348,15000,188,40,0.208,1
14,1,5,7,0.4348,20000,188,40,0.1853,1
15,1,5,7,0.4348,25000,188,40,0.1725,1
16,1,5,7,0.4348,30000,188,40,0.165,1
17,1,5,13,0.4449,4000,188,40,0.1872,1
18,1,5,13,0.4449,6000,188,40,0.1057,1
19,1,5,13,0.4449,8000,188,40,0.0648,1
20,1,5,13,0.4449,10000,188,40,0.0501,1
21,1,5,13,0.4449,12000,188,40,0.0396,1
22,1,5,13,0.4449,15000,188,40,0.0342,1
23,1,5,13,0.8278,4000,188,40,0.6077,1
24,1,5,13,0.8278,6000,188,40,0.4492,1
25,1,5,13,0.8278,8000,188,40,0.3391,1
26,1,5,13,0.8278,10000,188,40,0.2679,1
27,1,5,13,0.8278,12000,188,40,0.2244,1
28,1,5,13,0.8278,15000,188,40,0.1864,1
29,1,5,13,0.8278,20000,188,40,0.1684,1
30,1,5,13,0.8278,25000,188,40,0.1638,1
31,1,5,13,0.8278,30000,188,40,0.1694,1
32,1,5,14,0.522,4000,188,40,0.2171,1
33,1,5,14,0.522,6000,188,40,0.1131,1
34,1,5,14,0.522,8000,188,40,0.0703,1
35,1,5,14,0.522,10000,188,40,0.0544,1
36,1,5,14,0.522,12000,188,40,0.0445,1
37,1,5,14,0.522,15000,188,40,0.0384,1
38,1,5,14,0.6857,4000,188,40,0.3541,1
39,1,5,14,0.6857,6000,188,40,0.2113,1
40,1,5,14,0.6857,8000,188,40,0.1401,1
41,1,5,14,0.6857,10000,188,40,0.1071,1
42,1,5,14,0.6857,12000,188,40,0.085,1
43,1,5,14,0.6857,15000,188,40,0.0713,1
44,1,5,22,0.1678,4000,188,40,0.1623,1
45,1,5,22,0.1678,6000,188,40,0.1242,1
46,1,5,22,0.1678,8000,188,40,0.099,1
47,1,5,22,0.1678,10000,188,40,0.0795,1
48,1,5,22,0.1678,12000,188,40,0.0699,1
49,1,5,22,0.1678,15000,188,40,0.0603,1
50,1,5,22,0.1678,20000,188,40,0.0542,1
51,1,5,22,0.1678,25000,188,40,0.0552,1
52,1,5,22,0.1678,30000,188,40,0.0578,1
53,1,5,22,0.3007,4000,188,40,0.2956,1
54,1,5,22,0.3007,6000,188,40,0.2244,1
55,1,5,22,0.3007,8000,188,40,0.1807,1
56,1,5,22,0.3007,10000,188,40,0.1498,1
57,1,5,22,0.3007,12000,188,40,0.1279,1
58,1,5,22,0.3007,15000,188,40,0.1158,1
59,1,5,22,0.3007,20000,188,40,0.1055,1
60,1,5,22,0.3007,25000,188,40,0.1063,1
61,1,5,22,0.284,30000,188,40,0.109,1
62,1,5,23,0.284,4000,188,40,0.2583,1
63,1,5,23,0.284,6000,188,40,0.198,1
64,1,5,23,0.284,8000,188,40,0.1484,1
65,1,5,23,0.284,10000,188,40,0.1235,1
66,1,5,23,0.284,12000,188,40,0.1058,1
67,1,5,23,0.284,15000,188,40,0.0865,1
68,1,5,24,0.168,4000,188,40,0.1387,1
69,1,5,24,0.168,6000,188,40,0.0991,1
70,1,5,24,0.168,8000,188,40,0.0747,1
71,1,5,24,0.168,10000,188,40,0.0611,1
72,1,5,24,0.168,12000,188,40,0.0512,1
73,1,5,24,0.168,15000,188,40,0.0444,1
74,1,5,24,0.2731,4000,188,40,0.2301,1
75,1,5,24,0.2731,6000,188,40,0.1682,1
76,1,5,24,0.2731,8000,188,40,0.1268,1
77,1,5,24,0.2731,10000,188,40,0.1037,1
78,1,5,24,0.2731,12000,188,40,0.0891,1
79,1,5,24,0.2731,15000,188,40,0.0767,1
80,1,5,26,0.0882,4000,188,40,0.0611,1
81,1,5,26,0.0882,8000,188,40,0.029,1
82,1,5,26,0.1622,15000,188,40,0.0292,1
83,1,5,26,0.1622,4000,188,40,0.1131,1
84,1,5,26,0.1622,8000,188,40,0.0533,1
85,1,5,26,0.1622,10000,188,40,0.0414,1
86,1,5,26,0.1622,12000,188,40,0.0345,1
87,1,5,26,0.0882,6000,188,52.5,0.0409,1
88,1,5,26,0.0882,10000,188,52.5,0.0226,1
89,1,5,26,0.0882,12000,188,52.5,0.019,1
90,1,5,26,0.0882,15000,188,52.5,0.0169,1
91,1,5,26,0.1622,6000,188,52.5,0.0757,1
92,1,5,27,0.084,4000,188,40,0.0492,1
93,1,5,27,0.084,6000,188,40,0.0301,1
94,1,5,27,0.084,8000,188,40,0.0212,1
95,1,5,27,0.084,10000,188,40,0.0167,1
96,1,5,27,0.084,12000,188,40,0.0137,1
97,1,5,27,0.084,15000,188,40,0.0117,1
98,1,5,27,0.0882,5000,188,40,0.0446,1
99,1,5,27,0.0882,10000,188,40,0.021,5
100,1,5,27,0.0882,15000,188,40,0.016,5
101,1,5,27,0.155,4000,188,40,0.0981,1
102,1,5,27,0.155,6000,188,40,0.0619,1
103,1,5,27,0.155,8000,188,40,0.0423,1
104,1,5,27,0.155,10000,188,40,0.0333,1
105,1,5,27,0.155,12000,188,40,0.0282,1
106,1,5,27,0.155,15000,188,40,0.0239,1
107,1,5,28,0.0578,4000,188,40,0.0281,1
108,1,5,28,0.0578,6000,188,40,0.0164,1
109,1,5,28,0.0578,8000,188,40,0.0116,1
110,1,5,28,0.0578,10000,188,40,0.0091,1
111,1,5,28,0.0578,12000,188,40,0.0073,1
112,1,5,28,0.0578,15000,188,40,0.0062,1
113,1,5,28,0.0843,4000,188,40,0.0427,1
114,1,5,28,0.0843,6000,188,40,0.0251,1
115,1,5,28,0.0843,8000,188,40,0.0176,1
116,1,5,28,0.0843,10000,188,40,0.0143,1
117,1,5,28,0.0843,12000,188,40,0.0118,1
118,1,5,28,0.0843,15000,188,40,0.0095,1
119,1,5,28,0.0882,5000,188,40,0.0446,1
120,1,5,28,0.0882,10000,188,40,0.021,1
121,1,5,28,0.0882,15000,188,40,0.016,1
122,1,5,28,0.144,4000,188,40,0.0729,1
123,1,5,28,0.144,6000,188,40,0.0443,1
124,1,5,28,0.144,8000,188,40,0.0282,1
125,1,5,28,0.144,10000,188,40,0.0237,1
126,1,5,28,0.144,12000,188,40,0.0198,1
127,1,5,28,0.144,15000,188,40,0.0176,1
128,1,5,40,0.1789,4000,188,40,0.2597,1
129,1,5,40,0.1789,6000,188,40,0.2513,1
130,1,5,40,0.1789,8000,188,40,0.2452,1
131,1,5,40,0.1789,10000,188,40,0.2382,1
132,1,5,40,0.1789,12000,188,40,0.2382,1
133,1,5,40,0.1789,15000,188,40,0.2369,1
134,1,5,40,0.1789,20000,188,40,0.2536,1
135,1,5,40,0.1789,25000,188,40,0.2691,1
136,1,5,40,0.1789,30000,188,40,0.2819,1
137,1,5,41,0.1042,4000,188,40,0.1558,1
138,1,5,41,0.1042,6000,188,40,0.1454,1
139,1,5,41,0.1042,8000,188,40,0.1407,1
140,1,5,41,0.1042,10000,188,40,0.138,1
141,1,5,41,0.1042,12000,188,40,0.1384,1
142,1,5,41,0.1042,15000,188,40,0.1423,1
143,1,5,41,0.1715,4000,188,40,0.2543,1
144,1,5,41,0.1715,6000,188,40,0.2325,1
145,1,5,41,0.1715,8000,188,40,0.2296,1
146,1,5,41,0.1715,10000,188,40,0.2226,1
147,1,5,41,0.1715,12000,188,40,0.2245,1
148,1,5,41,0.1715,15000,188,40,0.2298,1
149,1,5,42,0.1013,4000,188,40,0.1597,1
150,1,5,42,0.1013,6000,188,40,0.1489,1
151,1,5,42,0.1013,8000,188,40,0.1416,1
152,1,5,42,0.1013,10000,188,40,0.1396,1
153,1,5,42,0.1013,12000,188,40,0.1362,1
154,1,5,42,0.1013,15000,188,40,0.1395,1
155,1,5,57,0.3183,4000,188,40,0.4822,1
156,1,5,57,0.3183,6000,188,40,0.4626,1
157,1,5,57,0.3183,8000,188,40,0.4673,1
158,1,5,57,0.3183,10000,188,40,0.4807,1
159,1,5,57,0.3183,12000,188,40,0.5043,1
160,1,5,57,0.3183,15000,188,40,0.5391,1
161,1,5,57,0.3183,20000,188,40,0.6259,1
162,1,5,57,0.3183,25000,188,40,0.6892,1
163,1,5,57,0.3183,30000,188,40,0.7555,1
164,1,5,60,0.31,5000,188,40,0.27,5
165,1,5,60,0.31,10000,188,40,0.166,5
166,1,5,60,0.31,15000,188,40,0.137,5
167,1,5,73,0.0564,4000,188,40,0.0529,1
168,1,5,73,0.0564,6000,188,40,0.0355,1
169,1,5,73,0.0564,8000,188,40,0.0274,1
170,1,5,73,0.0564,10000,188,40,0.0223,1
171,1,5,73,0.0564,12000,188,40,0.0195,1
172,1,5,73,0.0564,15000,188,40,0.0194,1
173,1,5,73,0.0923,4000,188,40,0.0928,1
174,1,5,73,0.0923,6000,188,40,0.0609,1
175,1,5,73,0.0923,8000,188,40,0.0459,1
176,1,5,73,0.0923,10000,188,40,0.0369,1
177,1,5,73,0.0923,12000,188,40,0.0324,1
178,1,5,73,0.0923,15000,188,40,0.0312,1
179,1,5,74,0.0555,4000,188,40,0.0546,1
180,1,5,74,0.0555,6000,188,40,0.0381,1
181,1,5,74,0.0555,8000,188,40,0.0295,1
182,1,5,74,0.0555,10000,188,40,0.0238,1
183,1,5,74,0.0555,12000,188,40,0.021,1
184,1,5,74,0.0555,15000,188,40,0.0188,1
185,1,5,92,0.1537,4000,188,40,0.2274,1
186,1,5,92,0.1537,6000,188,40,0.198,1
187,1,5,92,0.1537,8000,188,40,0.1761,1
188,1,5,92,0.1537,10000,188,40,0.1634,1
189,1,5,92,0.1537,12000,188,40,0.1566,1
190,1,5,92,0.1537,15000,188,40,0.1526,1
191,1,12,8,0.603,10000,1305,20,0.499,7
192,1,12,8,0.603,25000,1305,20,0.285,7
193,1,12,8,0.6031,5000,1305,40,0.566,6
194,1,12,8,0.6031,10000,1305,40,0.527,6
195,1,12,8,0.6031,15000,1305,40,0.467,6
196,1,12,8,0.6031,20000,1305,40,0.405,6
197,1,12,8,0.6031,25000,1305,40,0.347,6
198,1,12,9,0.3901,5000,1305,40,0.37,6
199,1,12,9,0.3901,10000,1305,40,0.32,6
200,1,12,9,0.3901,15000,1305,40,0.257,6
201,1,12,9,0.3901,20000,1305,40,0.201,6
202,1,12,9,0.3901,25000,1305,40,0.159,6
203,1,12,13,0.096,15000,1305,52.5,0.101,2
204,1,12,13,0.096,20000,1305,52.5,0.0948,2
205,1,12,13,0.365,10000,1305,52.5,0.373,2
206,1,12,13,0.365,15000,1305,52.5,0.365,2
207,1,12,13,0.365,20000,1305,52.5,0.369,2
208,1,12,13,0.481,10000,1305,52.5,0.476,2
209,1,12,13,0.481,15000,1305,52.5,0.471,2
210,1,12,13,0.481,20000,1305,52.5,0.478,2
211,1,12,13,0.5,10000,1305,52.5,0.506,2
212,1,12,13,0.5,15000,1305,52.5,0.495,2
213,1,12,13,0.5,20000,1305,52.5,0.499,2
214,1,12,13,0.749,10000,1305,52.5,0.744,2
215,1,12,13,0.749,15000,1305,52.5,0.71,2
216,1,12,13,0.749,20000,1305,52.5,0.736,2
217,1,12,39,0.406,16500,1305,17.5,0.274,7
218,1,13,5,0.1722,4000,1559,40,0.15,1
219,1,13,5,0.1722,6000,1559,40,0.1502,1
220,1,13,5,0.1722,8000,1559,40,0.1503,1
221,1,13,5,0.1722,10000,1559,40,0.1503,1
222,1,13,5,0.1722,12000,1559,40,0.1503,1
223,1,13,5,0.1722,15000,1559,40,0.1504,1
224,1,13,5,0.1722,20000,1559,40,0.1495,1
225,1,13,5,0.1722,25000,1559,40,0.149,1
226,1,13,5,0.1722,30000,1559,40,0.1455,1
227,1,13,5,0.5551,4000,1559,40,0.515,1
228,1,13,5,0.5551,6000,1559,40,0.5178,1
229,1,13,5,0.5551,8000,1559,40,0.5188,1
230,1,13,5,0.5551,10000,1559,40,0.52,1
231,1,13,5,0.5551,12000,1559,40,0.5198,1
232,1,13,5,0.5551,15000,1559,40,0.517,1
233,1,13,5,0.5551,20000,1559,40,0.513,1
234,1,13,5,0.5551,25000,1559,40,0.508,1
235,1,13,5,0.5551,30000,1559,40,0.503,1
236,1,13,8,0.529,10000,1559,20,0.46,7
237,1,13,8,0.529,25000,1559,20,0.325,7
238,1,13,8,0.5292,10000,1559,40,0.488,6
239,1,13,8,0.5292,15000,1559,40,0.445,6
240,1,13,8,0.5292,20000,1559,40,0.407,6
241,1,13,8,0.5292,25000,1559,40,0.377,6
242,1,13,12,0.091,10000,1559,20,0.039,7
243,1,13,12,0.091,15000,1559,20,0.023,7
244,1,13,12,0.091,25000,1559,20,0.012,7
245,1,13,12,0.091,30000,1559,20,0.009,7
246,1,13,12,0.091,35000,1559,20,0.008,7
247,1,13,12,0.624,10000,1559,20,0.46,7
248,1,13,12,0.624,15000,1559,20,0.35,7
249,1,13,12,0.624,29000,1559,29,0.212,7
250,1,13,12,0.091,10000,1559,52.5,0.0602,7
251,1,13,12,0.091,15000,1559,52.5,0.0424,7
252,1,13,12,0.091,20000,1559,52.5,0.0302,7
253,1,13,12,0.091,25000,1559,52.5,0.0221,7
254,1,13,12,0.091,30000,1559,52.5,0.017,7
255,1,13,12,0.153,10000,1559,52.5,0.111,2
256,1,13,12,0.153,15000,1559,52.5,0.0768,2
257,1,13,12,0.153,20000,1559,52.5,0.058,2
258,1,13,12,0.251,10000,1559,52.5,0.184,2
259,1,13,12,0.251,15000,1559,52.5,0.14,2
260,1,13,12,0.251,20000,1559,52.5,0.101,2
261,1,13,12,0.5,10000,1559,52.5,0.387,2
262,1,13,12,0.5,15000,1559,52.5,0.311,2
263,1,13,12,0.5,20000,1559,52.5,0.245,2
264,1,13,12,0.519,10000,1559,52.5,0.42,2
265,1,13,12,0.519,15000,1559,52.5,0.344,2
266,1,13,12,0.519,20000,1559,52.5,0.274,2
267,1,13,12,0.635,10000,1559,52.5,0.525,2
268,1,13,12,0.635,15000,1559,52.5,0.456,2
269,1,13,12,0.635,20000,1559,52.5,0.385,2
270,1,13,12,0.904,15000,1559,52.5,0.822,2
271,1,13,12,0.904,20000,1559,52.5,0.771,2
272,1,13,12,0.979,10000,1559,52.5,0.963,2
273,1,13,12,0.979,15000,1559,52.5,0.958,2
274,1,13,12,0.979,20000,1559,52.5,0.959,2
275,1,13,12,0.091,10000,1559,75,0.066,7
276,1,13,12,0.091,15000,1559,75,0.0473,7
277,1,13,12,0.091,20000,1559,75,0.0351,7
278,1,13,12,0.091,25000,1559,75,0.0258,7
279,1,13,12,0.091,30000,1559,75,0.019,7
280,1,13,12,0.091,35000,1559,75,0.015,7
281,1,13,12,0.091,40000,1559,75,0.013,7
282,1,13,22,0.628,10000,1559,17,0.511,7
283,1,13,22,0.628,15000,1559,17,0.42,7
284,1,13,22,0.628,20000,1559,17,0.332,7
285,1,13,22,0.628,25000,1559,17,0.267,7
286,1,13,22,0.628,30000,1559,17,0.23,7
287,1,13,22,0.628,35000,1559,17,0.215,7
288,1,13,22,0.398,7000,1559,40,0.3853,5
289,1,13,22,0.398,10500,1559,40,0.3543,5
290,1,13,22,0.398,15700,1559,40,0.3008,5
291,1,13,22,0.398,20800,1559,40,0.2585,5
292,1,13,22,0.398,26000,1559,40,0.2162,5
293,1,13,22,0.398,31100,1559,40,0.187,5
294,1,13,22,0.398,36400,1559,40,0.1579,5
295,1,13,22,0.398,40000,1559,40,0.1429,5
296,1,13,25,0.746,10000,1559,20,0.64,7
297,1,13,25,0.746,15000,1559,20,0.534,7
298,1,13,25,0.746,29000,1559,20,0.381,7
299,1,13,26,0.592,10000,1559,17,0.446,7
300,1,13,26,0.592,15000,1559,17,0.335,7
301,1,13,26,0.592,20000,1559,17,0.263,7
302,1,13,26,0.592,25000,1559,17,0.211,7
303,1,13,26,0.592,30000,1559,17,0.182,7
304,1,13,26,0.592,35000,1559,17,0.159,7
305,1,13,26,0.1,10000,1559,20,0.053,7
306,1,13,26,0.1,15000,1559,20,0.035,7
307,1,13,26,0.1,20000,1559,20,0.025,7
308,1,13,26,0.1,25000,1559,20,0.016,7
309,1,13,26,0.1,30000,1559,20,0.015,7
310,1,13,26,0.1,35000,1559,20,0.014,7
311,1,13,26,0.1,40000,1559,20,0.011,7
312,1,13,26,0.61,10000,1559,20,0.459,7
313,1,13,26,0.61,15000,1559,20,0.355,7
314,1,13,26,0.61,29000,1559,20,0.194,7
315,1,13,26,0.5917,10000,1559,40,0.554,6
316,1,13,26,0.5917,15000,1559,40,0.465,6
317,1,13,26,0.5917,20000,1559,40,0.386,6
318,1,13,26,0.1,10000,1559,52.5,0.0765,5
319,1,13,26,0.1,15000,1559,52.5,0.0592,5
320,1,13,26,0.1,20000,1559,52.5,0.0431,5
321,1,13,26,0.1,25000,1559,52.5,0.0335,5
322,1,13,26,0.1,30000,1559,52.5,0.0266,5
323,1,13,26,0.241,20000,1559,52.5,0.124,7
324,1,13,26,0.241,25000,1559,52.5,0.098,7
325,1,13,26,0.241,30000,1559,52.5,0.083,7
326,1,13,26,0.1,10000,1559,75,0.0868,5
327,1,13,26,0.1,15000,1559,75,0.0692,5
328,1,13,26,0.1,2000,1559,75,0.0543,5
329,1,13,26,0.1,25000,1559,75,0.0415,5
330,1,13,26,0.1,30000,1559,75,0.0337,5
331,1,13,26,0.1,35000,1559,75,0.0268,5
332,1,13,26,0.1,40000,1559,75,0.0218,5
333,1,13,27,0.673,10000,1559,20,0.541,7
334,1,13,27,0.673,15000,1559,20,0.43,7
335,1,13,27,0.673,29000,1559,29,0.23,7
336,1,13,28,0.408,10000,1559,17,0.247,7
337,1,13,28,0.408,15000,1559,17,0.16,7
338,1,13,28,0.408,20000,1559,17,0.102,7
339,1,13,28,0.408,25000,1559,17,0.08,7
340,1,13,28,0.408,30000,1559,17,0.07,7
341,1,13,28,0.408,35000,1559,17,0.065,7
342,1,13,28,0.578,10000,1559,17,0.385,7
343,1,13,28,0.578,15000,1559,17,0.24,7
344,1,13,28,0.578,20000,1559,17,0.175,7
345,1,13,28,0.578,25000,1559,17,0.145,7
346,1,13,28,0.578,30000,1559,17,0.127,7
347,1,13,28,0.578,35000,1559,17,0.115,7
348,1,13,28,0.58,10000,1559,20,0.415,7
349,1,13,28,0.58,15000,1559,20,0.3,7
350,1,13,28,0.58,29000,1559,20,0.144,7
351,1,13,28,0.049,5300,1559,40,0.0473,5
352,1,13,28,0.049,10500,1559,40,0.0315,5
353,1,13,28,0.049,15900,1559,40,0.021,5
354,1,13,28,0.125,5300,1559,40,0.1246,5
355,1,13,28,0.125,10500,1559,40,0.0848,5
356,1,13,28,0.125,15900,1559,40,0.0585,5
357,1,13,28,0.125,21200,1559,40,0.0405,5
358,1,13,28,0.125,26600,1559,40,0.0307,5
359,1,13,28,0.125,31900,1559,40,0.0233,5
360,1,13,28,0.309,5300,1559,40,0.2957,5
361,1,13,28,0.309,10500,1559,40,0.2184,5
362,1,13,28,0.309,15900,1559,40,0.1576,5
363,1,13,28,0.309,21200,1559,40,0.1141,5
364,1,13,28,0.309,26600,1559,40,0.0878,5
365,1,13,28,0.309,31900,1559,40,0.0683,5
366,1,13,28,0.309,38200,1559,40,0.057,5
367,1,13,28,0.5796,5000,1559,40,0.626,6
368,1,13,28,0.5796,10000,1559,40,0.503,6
369,1,13,28,0.5796,15000,1559,40,0.4,6
370,1,13,28,0.5796,20000,1559,40,0.32,6
371,1,13,28,0.5796,25000,1559,40,0.257,6
372,1,13,29,0.46,10000,1559,20,0.31,7
373,1,13,29,0.46,15000,1559,20,0.205,7
374,1,13,29,0.46,29000,1559,20,0.092,7
375,1,13,29,0.459,5000,1559,40,0.491,6
376,1,13,29,0.459,10000,1559,40,0.381,6
377,1,13,29,0.459,15000,1559,40,0.288,6
378,1,13,29,0.459,20000,1559,40,0.22,6
379,1,13,29,0.459,25000,1559,40,0.17,6
380,1,13,29,0.9445,15900,1559,40,0.8801,5
381,1,13,29,0.9445,21200,1559,40,0.8441,5
382,1,13,29,0.9445,31800,1559,40,0.7637,5
383,1,13,29,0.9445,39900,1559,40,0.7065,5
384,1,14,5,0.3143,4000,1839,40,0.29,1
385,1,14,5,0.3143,6000,1839,40,0.294,1
386,1,14,5,0.3143,8000,1839,40,0.2978,1
387,1,14,5,0.3143,10000,1839,40,0.3002,1
388,1,14,5,0.3143,12000,1839,40,0.3036,1
389,1,14,5,0.3143,15000,1839,40,0.3072,1
390,1,14,5,0.3143,20000,1839,40,0.312,1
391,1,14,5,0.3143,25000,1839,40,0.314,1
392,1,14,5,0.3143,30000,1839,40,0.3156,1
393,1,14,5,0.478,4000,1839,40,0.4465,1
394,1,14,5,0.478,6000,1839,40,0.4528,1
395,1,14,5,0.478,8000,1839,40,0.458,1
396,1,14,5,0.478,10000,1839,40,0.4622,1
397,1,14,5,0.478,12000,1839,40,0.4658,1
398,1,14,5,0.478,15000,1839,40,0.4696,1
399,1,14,5,0.478,20000,1839,40,0.4738,1
400,1,14,5,0.478,25000,1839,40,0.4758,1
401,1,14,5,0.478,30000,1839,40,0.476,1
402,1,14,6,0.701,10000,1839,20,0.68,7
403,1,14,6,0.7,4000,1839,40,0.7102,7
404,1,14,6,0.7,6000,1839,40,0.6975,7
405,1,14,6,0.7,8000,1839,40,0.6854,7
406,1,14,6,0.7005,5000,1839,40,0.654,6
407,1,14,6,0.7005,10000,1839,40,0.679,6
408,1,14,6,0.7005,15000,1839,40,0.675,6
409,1,14,6,0.7005,20000,1839,40,0.676,6
410,1,14,6,0.7005,25000,1839,40,0.667,6
411,1,14,6,0.7005,4000,1839,40,0.68,5
412,1,14,6,0.7005,6000,1839,40,0.6798,5
413,1,14,6,0.7005,8000,1839,40,0.679,5
414,1,14,6,0.7005,10000,1839,40,0.6787,5
415,1,14,6,0.7005,12000,1839,40,0.678,5
416,1,14,6,0.7005,15000,1839,40,0.6762,5
417,1,14,6,0.7005,20000,1839,40,0.673,5
418,1,14,6,0.7005,25000,1839,40,0.6682,5
419,1,14,6,0.7005,30000,1839,40,0.663,5
420,1,14,8,0.467,10000,1839,20,0.389,7
421,1,14,8,0.467,25000,1839,20,0.311,7
422,1,14,8,0.4675,5000,1839,40,0.424,6
423,1,14,8,0.4675,10000,1839,40,0.419,6
424,1,14,8,0.4675,15000,1839,40,0.412,6
425,1,14,12,0.366,5000,1839,18,0.316,7
426,1,14,26,0.086,10000,1839,20,0.066,7
427,1,14,26,0.086,15000,1839,20,0.044,7
428,1,14,26,0.5917,25000,1839,40,0.326,6
429,1,14,26,0.086,10000,1839,52.5,0.0829,5
430,1,14,26,0.086,15000,1839,52.5,0.0677,5
431,1,14,26,0.086,20000,1839,52.5,0.0544,5
432,1,14,26,0.086,25000,1839,52.5,0.0446,5
433,1,14,26,0.086,30000,1839,52.5,0.0354,5
434,1,14,26,0.086,10000,1839,75,0.0846,5
435,1,14,26,0.086,15000,1839,75,0.0723,5
436,1,14,26,0.086,20000,1839,75,0.0615,5
437,1,14,26,0.086,25000,1839,75,0.0517,5
438,1,14,26,0.086,30000,1839,75,0.0431,5
439,1,14,26,0.086,35000,1839,75,0.0352,5
440,1,14,26,0.086,40000,1839,75,0.0277,5
441,1,14,42,0.369,5000,1839,20,0.399,7
442,1,14,42,0.369,10000,1839,20,0.34,7
443,1,14,42,0.369,15000,1839,20,0.284,7
444,1,14,42,0.369,20000,1839,20,0.241,7
445,1,14,42,0.369,25000,1839,20,0.198,7
446,1,14,42,0.369,30000,1839,20,0.176,7
447,1,14,42,0.369,35000,1839,20,0.159,7
448,1,22,5,0.6993,6000,4965,40,0.633,1
449,1,22,5,0.6993,8000,4965,40,0.64,1
450,1,22,5,0.6993,10000,4965,40,0.6462,1
451,1,22,5,0.6993,12000,4965,40,0.6513,1
452,1,22,5,0.6993,15000,4965,40,0.6578,1
453,1,22,5,0.6993,20000,4965,40,0.6662,1
454,1,22,5,0.6993,25000,4965,40,0.6738,1
455,1,22,5,0.6993,30000,4965,40,0.6782,1
456,1,22,5,0.8322,6000,4965,40,0.7922,1
457,1,22,5,0.8322,8000,4965,40,0.7937,1
458,1,22,5,0.8322,10000,4965,40,0.7942,1
459,1,22,5,0.8322,12000,4965,40,0.796,1
460,1,22,5,0.8322,15000,4965,40,0.7978,1
461,1,22,5,0.8322,20000,4965,40,0.8012,1
462,1,22,5,0.8322,25000,4965,40,0.8042,1
463,1,22,5,0.8322,30000,4965,40,0.8077,1
464,1,22,6,0.816,6000,4965,40,0.7832,11
465,1,22,6,0.816,8000,4965,40,0.7862,11
466,1,22,6,0.816,10000,4965,40,0.7888,11
467,1,22,6,0.816,12000,4965,40,0.791,11
468,1,22,6,0.816,15000,4965,40,0.7938,11
469,1,22,6,0.816,20000,4965,40,0.798,11
470,1,22,6,0.816,25000,4965,40,0.8012,11
471,1,22,6,0.816,30000,4965,40,0.8033,11
472,1,22,8,0.599,30000,4965,20,0.582,7
473,1,22,8,0.5995,10000,4965,40,0.55,6
474,1,22,8,0.5995,15000,4965,40,0.558,6
475,1,22,8,0.5995,20000,4965,40,0.562,6
476,1,22,13,0.372,10000,4965,17.3,0.32,7
477,1,22,13,0.372,15000,4965,17.3,0.317,7
478,1,22,13,0.372,20000,4965,17.3,0.307,7
479,1,22,13,0.372,25000,4965,17.3,0.295,7
480,1,22,13,0.372,30000,4965,17.3,0.28,7
481,1,22,13,0.372,35000,4965,17.3,0.265,7
482,1,22,13,0.602,15700,4965,40,0.5789,5
483,1,22,13,0.602,20900,4965,40,0.5605,5
484,1,22,13,0.602,26100,4965,40,0.558,5
485,1,22,13,0.602,41300,4965,40,0.5435,5
486,1,22,13,0.602,36500,4965,40,0.5437,5
487,1,22,13,0.602,40000,4965,40,0.538,5
488,1,22,41,0.35,25000,4965,18,0.241,7
489,1,23,5,0.716,8000,5465,40,0.65,1
490,1,23,5,0.716,10000,5465,40,0.6602,1
491,1,23,5,0.716,12000,5465,40,0.6681,1
492,1,23,5,0.716,15000,5465,40,0.677,1
493,1,23,5,0.716,20000,5465,40,0.6878,1
494,1,23,5,0.716,25000,5465,40,0.6939,1
495,1,23,5,0.716,30000,5465,40,0.6977,1
496,1,23,5,0.716,6000,5465,40,0.6378,1
497,1,23,6,0.84,6000,5465,40,0.7952,11
498,1,23,6,0.84,8000,5465,40,0.8013,11
499,1,23,6,0.84,10000,5465,40,0.8065,11
500,1,23,6,0.84,12000,5465,40,0.8111,11
501,1,23,6,0.84,15000,5465,40,0.8162,11
502,1,23,6,0.84,20000,5465,40,0.822,11
503,1,23,6,0.84,25000,5465,40,0.8265,11
504,1,23,6,0.84,30000,5465,40,0.8295,11
505,1,23,14,0.47,10000,5465,20,0.431,7
506,1,23,14,0.47,15000,5465,20,0.408,7
507,1,23,14,0.47,20000,5465,20,0.405,7
508,1,23,14,0.47,25000,5465,20,0.414,7
509,1,23,14,0.47,30000,5465,20,0.384,7
510,1,23,14,0.47,35000,5465,20,0.378,7
511,1,23,14,0.47,40000,5465,20,0.358,7
512,1,23,14,0.47,10000,5465,52.5,0.4475,5
513,1,23,14,0.47,15000,5465,52.5,0.4416,5
514,1,23,14,0.47,20000,5465,52.5,0.4342,5
515,1,23,14,0.47,25000,5465,52.5,0.4247,5
516,1,23,14,0.47,30000,5465,52.5,0.4143,5
517,1,23,14,0.47,10000,5465,75,0.4371,5
518,1,23,14,0.47,15000,5465,75,0.4356,5
519,1,23,14,0.47,20000,5465,75,0.4342,5
520,1,23,14,0.47,25000,5465,75,0.4327,5
521,1,23,14,0.47,30000,5465,75,0.4303,5
522,1,23,14,0.47,35000,5465,75,0.4267,5
523,1,23,14,0.47,40000,5465,75,0.4234,5
524,1,24,5,0.7269,8000,5989,40,0.623,1
525,1,24,5,0.7269,10000,5989,40,0.6374,1
526,1,24,5,0.7269,12000,5989,40,0.648,1
527,1,24,5,0.7269,15000,5989,40,0.6603,1
528,1,24,5,0.7269,20000,5989,40,0.6738,1
529,1,24,5,0.7269,25000,5989,40,0.681,1
530,1,24,5,0.7269,30000,5989,40,0.685,1
531,1,24,5,0.832,8000,5989,40,0.7785,1
532,1,24,5,0.832,10000,5989,40,0.784,1
533,1,24,5,0.832,12000,5989,40,0.7905,1
534,1,24,5,0.832,15000,5989,40,0.7981,1
535,1,24,5,0.832,20000,5989,40,0.807,1
536,1,24,5,0.832,25000,5989,40,0.8122,1
537,1,24,5,0.832,30000,5989,40,0.8156,1
538,1,24,5,0.832,15000,5989,40,0.7981,1
539,1,24,6,0.8666,10000,5989,40,0.792,6
540,1,24,6,0.8666,15000,5989,40,0.798,6
541,1,24,6,0.8666,8000,5989,40,0.831,11
542,1,24,6,0.8666,10000,5989,40,0.8322,11
543,1,24,6,0.8666,12000,5989,40,0.8358,11
544,1,24,6,0.8666,15000,5989,40,0.8385,11
545,1,24,6,0.8666,20000,5989,40,0.8422,11
546,1,24,6,0.8666,25000,5989,40,0.8455,11
547,1,24,6,0.8666,30000,5989,40,0.8478,11
548,1,24,6,0.909,8000,5989,40,0.879,11
549,1,24,6,0.909,10000,5989,40,0.8819,11
550,1,24,6,0.909,12000,5989,40,0.8842,11
551,1,24,6,0.909,15000,5989,40,0.8875,11
552,1,24,6,0.909,20000,5989,40,0.8918,11
553,1,24,6,0.909,25000,5989,40,0.895,11
554,1,24,6,0.909,30000,5989,40,0.8972,11
555,1,24,6,0.9432,8000,5989,40,0.9252,11
556,1,24,6,0.9432,10000,5989,40,0.9257,11
557,1,24,6,0.9432,12000,5989,40,0.9259,11
558,1,24,6,0.9432,15000,5989,40,0.9261,11
559,1,24,6,0.9432,20000,5989,40,0.9265,11
560,1,24,6,0.9432,25000,5989,40,0.9271,11
561,1,24,6,0.9432,30000,5989,40,0.9278,11
562,1,24,8,0.684,20000,5989,20,0.639,7
563,1,24,8,0.684,30000,5989,20,0.639,7
564,1,24,8,0.684,40000,5989,20,0.664,7
565,1,24,26,0.0075,15000,5989,52.5,0.0095,3
566,1,24,26,0.0075,20000,5989,52.5,0.0097,3
567,1,24,26,0.0075,25000,5989,52.5,0.0099,3
568,1,24,26,0.0075,30000,5989,52.5,0.0103,3
569,1,24,26,0.0075,35000,5989,52.5,0.0106,3
570,1,24,26,0.0075,40000,5989,52.5,0.011,3
571,1,24,26,0.0075,30000,5989,52.5,0.0108,4
572,1,24,26,0.0243,15000,5989,52.5,0.0308,3
573,1,24,26,0.0243,20000,5989,52.5,0.0313,3
574,1,24,26,0.0243,25000,5989,52.5,0.0318,3
575,1,24,26,0.0243,30000,5989,52.5,0.0323,3
576,1,24,26,0.0243,35000,5989,52.5,0.0328,3
577,1,24,26,0.0243,40000,5989,52.5,0.0333,3
578,1,24,26,0.0243,30000,5989,52.5,0.0337,4
579,1,24,26,0.0288,15000,5989,52.5,0.0365,3
580,1,24,26,0.0288,20000,5989,52.5,0.037,3
581,1,24,26,0.0288,25000,5989,52.5,0.0376,3
582,1,24,26,0.0288,30000,5989,52.5,0.0381,3
583,1,24,26,0.0288,35000,5989,52.5,0.0387,3
584,1,24,26,0.0288,40000,5989,52.5,0.0392,3
585,1,24,26,0.0288,10000,5989,52.5,0.0351,4
586,1,24,26,0.0288,20000,5989,52.5,0.0379,4
587,1,24,26,0.0288,30000,5989,52.5,0.0396,4
588,1,24,26,0.0532,15000,5989,52.5,0.0669,3
589,1,24,26,0.0532,20000,5989,52.5,0.0679,3
590,1,24,26,0.0532,25000,5989,52.5,0.0688,3
591,1,24,26,0.0532,30000,5989,52.5,0.0696,3
592,1,24,26,0.0532,35000,5989,52.5,0.0703,3
593,1,24,26,0.0532,40000,5989,52.5,0.0709,3
594,1,24,26,0.0532,10000,5989,52.5,0.0651,4
595,1,24,26,0.0532,20000,5989,52.5,0.07,4
596,1,24,26,0.0532,30000,5989,52.5,0.0719,4
597,1,24,26,0.101,15000,5989,52.5,0.1251,3
598,1,24,26,0.101,20000,5989,52.5,0.1267,3
599,1,24,26,0.101,25000,5989,52.5,0.1281,3
600,1,24,26,0.101,30000,5989,52.5,0.1294,3
601,1,24,26,0.101,35000,5989,52.5,0.1304,3
602,1,24,26,0.101,40000,5989,52.5,0.1313,3
603,1,24,26,0.101,10000,5989,52.5,0.1186,4
604,1,24,26,0.101,20000,5989,52.5,0.1271,4
605,1,24,26,0.101,30000,5989,52.5,0.1314,4
606,1,24,26,0.4984,15000,5989,52.5,0.533,3
607,1,24,26,0.4984,20000,5989,52.5,0.535,3
608,1,24,26,0.4984,25000,5989,52.5,0.5368,3
609,1,24,26,0.4984,30000,5989,52.5,0.5384,3
610,1,24,26,0.4984,35000,5989,52.5,0.5398,3
611,1,24,26,0.4984,40000,5989,52.5,0.541,3
612,1,24,26,0.4984,15000,5989,52.5,0.5272,4
613,1,24,26,0.4984,20000,5989,52.5,0.5444,4
614,1,24,26,0.4984,30000,5989,52.5,0.5436,4
615,1,24,26,0.9,15000,5989,52.5,0.9078,3
616,1,24,26,0.9,20000,5989,52.5,0.9082,3
617,1,24,26,0.9,25000,5989,52.5,0.9086,3
618,1,24,26,0.9,30000,5989,52.5,0.9091,3
619,1,24,26,0.9,35000,5989,52.5,0.9095,3
620,1,24,26,0.9,40000,5989,52.5,0.9099,3
621,1,24,26,0.9608,15000,5989,52.5,0.9652,3
622,1,24,26,0.9608,20000,5989,52.5,0.9653,3
623,1,24,26,0.9608,25000,5989,52.5,0.9655,3
624,1,24,26,0.9608,30000,5989,52.5,0.9657,3
625,1,24,26,0.9608,35000,5989,52.5,0.9659,3
626,1,24,26,0.9608,40000,5989,52.5,0.9662,3
627,1,24,26,0.9703,20000,5989,52.5,0.974,3
628,1,24,26,0.9703,30000,5989,52.5,0.9742,3
629,1,24,26,0.9703,40000,5989,52.5,0.9747,3
630,1,24,26,0.9792,20000,5989,52.5,0.9819,3
631,1,24,26,0.9792,30000,5989,52.5,0.9821,3
632,1,24,26,0.9792,40000,5989,52.5,0.9824,3
633,1,24,26,0.99,20000,5989,52.5,0.9913,3
634,1,24,26,0.99,30000,5989,52.5,0.9916,3
635,1,24,26,0.99,40000,5989,52.5,0.9921,3
636,1,25,51,0.474,15000,6539,20,0.46,7
637,1,25,51,0.474,20000,6539,20,0.421,7
638,1,25,51,0.474,25000,6539,20,0.385,7
639,1,25,51,0.474,30000,6539,20,0.35,7
640,1,26,5,0.8378,8000,7111,40,0.7823,1
641,1,26,5,0.8378,10000,7111,40,0.7922,1
642,1,26,5,0.8378,12000,7111,40,0.8002,1
643,1,26,5,0.8378,15000,7111,40,0.8098,1
644,1,26,5,0.8378,20000,7111,40,0.8203,1
645,1,26,5,0.8378,25000,7111,40,0.828,1
646,1,26,5,0.8378,30000,7111,40,0.833,1
647,1,26,5,0.9118,8000,7111,40,0.868,1
648,1,26,5,0.9118,10000,7111,40,0.873,1
649,1,26,5,0.9118,12000,7111,40,0.8764,1
650,1,26,5,0.9118,15000,7111,40,0.8821,1
651,1,26,5,0.9118,20000,7111,40,0.8888,1
652,1,26,5,0.9118,25000,7111,40,0.894,1
653,1,26,5,0.9118,30000,7111,40,0.897,1
654,1,26,6,0.9333,8000,7111,40,0.9172,11
655,1,26,6,0.9333,10000,7111,40,0.9194,11
656,1,26,6,0.9333,12000,7111,40,0.9215,11
657,1,26,6,0.9333,15000,7111,40,0.9239,11
658,1,26,6,0.9333,20000,7111,40,0.927,11
659,1,26,6,0.9333,25000,7111,40,0.929,11
660,1,26,6,0.9333,30000,7111,40,0.9304,11
661,1,26,8,0.699,10000,7111,20,0.624,7
662,1,26,8,0.699,20000,7111,20,0.653,7
663,1,26,8,0.699,30000,7111,20,0.653,7
664,1,26,8,0.699,40000,7111,20,0.653,7
665,1,26,8,0.7,29000,7111,20,0.649,7
666,1,26,8,0.697,12000,7111,40,0.642,7
667,1,26,8,0.697,15000,7111,40,0.647,7
668,1,26,8,0.697,20000,7111,40,0.654,7
669,1,26,8,0.697,25000,7111,40,0.661,7
670,1,26,8,0.697,29000,7111,40,0.665,7
671,1,26,13,0.408,10000,7111,16.5,0.36,7
672,1,26,13,0.408,15000,7111,16.5,0.362,7
673,1,26,13,0.408,20000,7111,16.5,0.365,7
674,1,26,13,0.408,25000,7111,16.5,0.367,7
675,1,26,13,0.408,30000,7111,16.5,0.37,7
676,1,26,13,0.408,35000,7111,16.5,0.37,7
677,1,26,13,0.4083,10000,7111,40,0.351,6
678,1,26,13,0.4083,15000,7111,40,0.367,6
679,1,26,13,0.4083,20000,7111,40,0.364,6
680,1,26,13,0.4083,25000,7111,40,0.367,6
681,1,26,13,0.4083,30000,7111,40,0.367,6
682,1,26,13,0.4083,35000,7111,40,0.366,6
683,1,26,13,0.4083,40000,7111,40,0.369,6
684,1,26,13,0.759,20000,7111,52.5,0.736,7
685,1,26,13,0.759,25000,7111,52.5,0.742,7
686,1,26,13,0.759,30000,7111,52.5,0.748,7
687,1,26,16,0.466,10000,7111,75,0.406,7
688,1,26,16,0.466,12000,7111,75,0.421,7
689,1,26,16,0.466,15000,7111,75,0.425,7
690,1,26,16,0.466,20000,7111,75,0.425,7
691,1,26,16,0.466,25000,7111,75,0.422,7
692,1,26,16,0.466,30000,7111,75,0.419,7
693,1,26,24,0.902,10000,7111,18,0.887,7
694,1,26,24,0.902,20000,7111,18,0.87,7
695,1,26,24,0.0109,15000,7111,52.5,0.0113,3
696,1,26,24,0.0109,20000,7111,52.5,0.0105,3
697,1,26,24,0.0109,25000,7111,52.5,0.0096,3
698,1,26,24,0.0109,30000,7111,52.5,0.0084,3
699,1,26,24,0.0109,35000,7111,52.5,0.0071,3
700,1,26,24,0.0109,40000,7111,52.5,0.0056,3
701,1,26,24,0.022,15000,7111,52.5,0.0202,3
702,1,26,24,0.022,20000,7111,52.5,0.0193,3
703,1,26,24,0.022,25000,7111,52.5,0.018,3
704,1,26,24,0.022,30000,7111,52.5,0.0164,3
705,1,26,24,0.022,35000,7111,52.5,0.0144,3
706,1,26,24,0.022,40000,7111,52.5,0.012,3
707,1,26,24,0.0308,15000,7111,52.5,0.0274,3
708,1,26,24,0.0308,20000,7111,52.5,0.0263,3
709,1,26,24,0.0308,25000,7111,52.5,0.0248,3
710,1,26,24,0.0308,30000,7111,52.5,0.0227,3
711,1,26,24,0.0308,35000,7111,52.5,0.0202,3
712,1,26,24,0.0308,40000,7111,52.5,0.0171,3
713,1,26,24,0.0406,15000,7111,52.5,0.0353,3
714,1,26,24,0.0406,20000,7111,52.5,0.0342,3
715,1,26,24,0.0406,25000,7111,52.5,0.0323,3
716,1,26,24,0.0406,30000,7111,52.5,0.0298,3
717,1,26,24,0.0406,35000,7111,52.5,0.0267,3
718,1,26,24,0.0406,40000,7111,52.5,0.0229,3
719,1,26,24,0.1003,15000,7111,52.5,0.0849,3
720,1,26,24,0.1003,20000,7111,52.5,0.0829,3
721,1,26,24,0.1003,25000,7111,52.5,0.0794,3
722,1,26,24,0.1003,30000,7111,52.5,0.0744,3
723,1,26,24,0.1003,35000,7111,52.5,0.0679,3
724,1,26,24,0.1003,40000,7111,52.5,0.0599,3
725,1,26,24,0.4991,15000,7111,52.5,0.4537,3
726,1,26,24,0.4991,20000,7111,52.5,0.4493,3
727,1,26,24,0.4991,25000,7111,52.5,0.4403,3
728,1,26,24,0.4991,30000,7111,52.5,0.4267,3
729,1,26,24,0.4991,35000,7111,52.5,0.4086,3
730,1,26,24,0.4991,40000,7111,52.5,0.3858,3
731,1,26,24,0.5016,10000,7111,52.5,0.4811,4
732,1,26,24,0.5016,20000,7111,52.5,0.4535,4
733,1,26,24,0.5016,30000,7111,52.5,0.4343,4
734,1,26,24,0.8984,15000,7111,52.5,0.8894,3
735,1,26,24,0.8984,20000,7111,52.5,0.8871,3
736,1,26,24,0.8984,25000,7111,52.5,0.8821,3
737,1,26,24,0.8984,30000,7111,52.5,0.8741,3
738,1,26,24,0.8984,35000,7111,52.5,0.8634,3
739,1,26,24,0.8984,40000,7111,52.5,0.8498,3
740,1,26,24,0.899,10000,7111,52.5,0.8883,4
741,1,26,24,0.899,20000,7111,52.5,0.8842,4
742,1,26,24,0.899,30000,7111,52.5,0.8751,4
743,1,26,24,0.9455,20000,7111,52.5,0.9435,3
744,1,26,24,0.9455,30000,7111,52.5,0.9332,3
745,1,26,24,0.9455,40000,7111,52.5,0.9136,3
746,1,26,24,0.9468,10000,7111,52.5,0.9286,4
747,1,26,24,0.9468,20000,7111,52.5,0.9405,4
748,1,26,24,0.9468,30000,7111,52.5,0.9321,4
749,1,26,24,0.9686,20000,7111,52.5,0.9715,3
750,1,26,24,0.9686,30000,7111,52.5,0.9626,3
751,1,26,24,0.9686,40000,7111,52.5,0.9455,3
752,1,26,24,0.9738,20000,7111,52.5,0.9778,3
753,1,26,24,0.9738,30000,7111,52.5,0.9693,3
754,1,26,24,0.9738,40000,7111,52.5,0.9528,3
755,1,26,24,0.9893,20000,7111,52.5,0.9968,3
756,1,26,24,0.9893,30000,7111,52.5,0.9892,3
757,1,26,24,0.9893,40000,7111,52.5,0.9746,3
758,1,26,50,0.1905,20000,7111,40,0.1859,7
759,1,26,50,0.32,20000,7111,40,0.3145,7
760,1,27,5,0.845,10000,7709,40,0.7823,1
761,1,27,5,0.845,12000,7709,40,0.7939,1
762,1,27,5,0.845,15000,7709,40,0.8058,1
763,1,27,5,0.845,20000,7709,40,0.818,1
764,1,27,5,0.845,25000,7709,40,0.8244,1
765,1,27,5,0.845,30000,7709,40,0.8278,1
766,1,27,5,0.916,10000,7709,40,0.866,1
767,1,27,5,0.916,12000,7709,40,0.8832,1
768,1,27,5,0.916,15000,7709,40,0.898,1
769,1,27,5,0.916,20000,7709,40,0.9101,1
770,1,27,5,0.916,25000,7709,40,0.912,1
771,1,27,5,0.916,30000,7709,40,0.9078,1
772,1,28,5,0.856,10000,8331,40,0.8083,1
773,1,28,5,0.856,12000,8331,40,0.818,1
774,1,28,5,0.856,15000,8331,40,0.8283,1
775,1,28,5,0.856,20000,8331,40,0.8388,1
776,1,28,5,0.856,25000,8331,40,0.8438,1
777,1,28,5,0.856,30000,8331,40,0.845,1
778,1,28,5,0.9157,10000,8331,40,0.8858,1
779,1,28,5,0.9157,12000,8331,40,0.8899,1
780,1,28,5,0.9157,15000,8331,40,0.895,1
781,1,28,5,0.9157,20000,8331,40,0.9005,1
782,1,28,5,0.9157,25000,8331,40,0.904,1
783,1,28,5,0.9157,30000,8331,40,0.906,1
784,1,28,5,0.9422,10000,8331,40,0.9238,1
785,1,28,5,0.9422,12000,8331,40,0.9262,1
786,1,28,5,0.9422,15000,8331,40,0.9303,1
787,1,28,5,0.9422,20000,8331,40,0.9358,1
788,1,28,5,0.9422,25000,8331,40,0.938,1
789,1,28,5,0.9422,30000,8331,40,0.9382,1
790,1,28,8,0.786,10000,8331,40,0.717,6
791,1,28,8,0.786,15000,8331,40,0.754,6
792,1,28,8,0.786,20000,8331,40,0.76,6
793,1,28,8,0.786,25000,8331,40,0.764,6
794,1,28,13,0.421,10000,8331,16.2,0.36,7
795,1,28,13,0.421,15000,8331,16.2,0.37,7
796,1,28,13,0.421,20000,8331,16.2,0.38,7
797,1,28,13,0.421,25000,8331,16.2,0.385,7
798,1,28,13,0.421,30000,8331,16.2,0.385,7
799,1,28,13,0.421,35000,8331,16.2,0.385,7
800,1,28,13,0.592,10000,8331,16.2,0.525,7
801,1,28,13,0.592,15000,8331,16.2,0.54,7
802,1,28,13,0.592,20000,8331,16.2,0.555,7
803,1,28,13,0.592,25000,8331,16.2,0.56,7
804,1,28,13,0.592,30000,8331,16.2,0.56,7
805,1,28,13,0.592,35000,8331,16.2,0.56,7
806,1,28,13,0.4204,10000,8331,40,0.365,6
807,1,28,13,0.4204,15000,8331,40,0.396,6
808,1,28,13,0.4204,20000,8331,40,0.394,6
809,1,28,13,0.4204,25000,8331,40,0.401,6
810,1,28,13,0.4204,30000,8331,40,0.402,6
811,1,28,13,0.4204,35000,8331,40,0.407,6
812,1,28,23,0.2,30000,8331,30,0.164,7
813,1,28,26,0.051,20000,8331,18,0.04,7
814,1,28,26,0.1,20000,8331,18,0.079,7
815,1,28,26,0.198,20000,8331,18,0.161,7
816,1,28,26,0.563,20000,8331,18,0.507,7
817,1,28,26,0.63,20000,8331,18,0.568,7
818,1,28,26,0.895,20000,8331,18,0.869,7
819,1,28,26,0.098,10000,8331,20,0.098,7
820,1,28,26,0.098,15000,8331,20,0.08,7
821,1,28,26,0.098,20000,8331,20,0.08,7
822,1,28,26,0.098,25000,8331,20,0.074,7
823,1,28,26,0.098,30000,8331,20,0.066,7
824,1,28,26,0.098,35000,8331,20,0.057,7
825,1,28,26,0.098,40000,8331,20,0.048,7
826,1,28,26,0.098,10000,8331,75,0.0973,5
827,1,28,26,0.098,15000,8331,75,0.0916,5
828,1,28,26,0.098,20000,8331,75,0.0886,5
829,1,28,26,0.098,25000,8331,75,0.0858,5
830,1,28,26,0.098,30000,8331,75,0.0835,5
831,1,28,26,0.098,35000,8331,75,0.0776,5
832,1,28,26,0.098,40000,8331,75,0.0746,5
833,2,28,29,0.435,10200,8331,40,0.4473,5
834,2,28,29,0.435,12500,8331,40,0.4509,5
835,2,28,29,0.435,15300,8331,40,0.4504,5
836,2,28,29,0.435,20500,8331,40,0.4387,5
837,2,28,29,0.435,25600,8331,40,0.4454,5
838,2,28,29,0.435,30700,8331,40,0.4457,5
839,2,28,29,0.435,40000,8331,40,0.446,5
840,1,28,47,0.2,30000,8331,30,0.173,7
841,1,28,50,0.4259,20000,8331,40,0.4587,7
842,1,28,78,0.065,30000,8331,15.5,0.067,7
843,1,28,78,0.164,30000,8331,15.5,0.166,7
844,1,28,78,0.297,30000,8331,15.5,0.305,7
845,1,28,78,0.551,30000,8331,15.5,0.56,7
846,1,29,13,0.536,28500,8980,16,0.496,5
847,1,29,13,0.0555,15900,8980,40,0.0469,5
848,1,29,13,0.0555,21200,8980,40,0.0479,5
849,1,29,13,0.0555,31800,8980,40,0.0487,5
850,1,29,13,0.0555,39300,8980,40,0.0483,5
851,1,29,13,0.541,10000,8980,40,0.456,6
852,1,29,13,0.541,15000,8980,40,0.491,6
853,1,29,13,0.541,20000,8980,40,0.501,6
854,1,29,13,0.541,25000,8980,40,0.502,6
855,1,29,13,0.541,30000,8980,40,0.51,6
856,1,29,13,0.541,35000,8980,40,0.511,6
857,3,29,30,0.555,15900,931,40,0.0515,5
858,3,29,30,0.555,21200,931,40,0.0523,5
859,3,29,30,0.555,31800,931,40,0.0514,5
860,3,29,30,0.555,39900,931,40,0.0509,5
861,1,29,30,5.65,10100,8980,40,0.558,5
862,1,29,28,0.565,12500,8980,40,0.5547,5
863,1,29,28,0.565,15300,8980,40,0.5556,5
864,1,29,28,0.565,20400,8980,40,0.5574,5
865,1,29,28,0.565,25600,8980,40,0.561,5
866,1,29,28,0.565,30700,8980,40,0.5587,5
867,1,29,28,0.565,40000,8980,40,0.5557,5
868,2,29,28,0.565,10200,8980,40,0.5494,5
869,2,29,28,0.565,12500,8980,40,0.5418,5
870,2,29,28,0.565,15300,8980,40,0.5334,5
871,2,29,28,0.565,20500,8980,40,0.5308,5
872,2,29,28,0.565,25600,8980,40,0.5143,5
873,2,29,28,0.565,30700,8980,40,0.5014,5
874,2,29,28,0.565,40000,8980,40,0.477,5
875,1,29,30,0.729,25000,8980,18,0.73,7
876,1,29,79,0.201,30000,8980,15.5,0.194,5
877,1,29,79,0.399,30000,8980,15.5,0.386,7
878,1,29,79,0.598,30000,8980,15.5,0.585,7
879,1,29,79,0.794,30000,8980,15.5,0.789,6
880,1,29,79,0.794,30000,8980,15.5,0.789,7
881,1,29,79,0.4,16800,8980,16,0.456,7
882,1,29,79,0.4,22500,8980,16,0.426,7
883,1,29,79,0.473,28500,8980,16,0.47,7
884,1,29,79,0.762,28500,8980,16,0.758,7
885,1,29,79,0.8,16000,8980,16,0.798,6
886,1,29,79,0.8,16800,8980,16,0.798,7
887,1,29,79,0.4,28200,8980,17.1,0.398,7
888,1,29,79,0.4,39300,8980,17.1,0.362,7
889,1,29,79,0.199,25000,8980,18,0.213,7
890,1,29,79,0.396,25000,8980,18,0.417,7
891,1,29,79,0.599,25000,8980,18,0.62,7
892,1,29,79,0.79,25000,8980,18,0.807,7
893,1,29,79,0.198,12000,8980,40,0.264,5
894,1,29,79,0.198,14000,8980,40,0.257,5
895,1,29,79,0.198,16000,8980,40,0.252,5
896,1,29,79,0.198,20000,8980,40,0.245,5
897,1,29,79,0.198,25000,8980,40,0.235,5
898,1,29,79,0.396,16000,8980,40,0.472,1
899,1,29,79,0.396,12000,8980,40,0.494,5
900,1,29,79,0.396,14000,8980,40,0.476,5
901,1,29,79,0.396,20000,8980,40,0.463,5
902,1,29,79,0.396,25000,8980,40,0.447,5
903,1,29,79,0.492,13000,8980,40,0.585,5
904,1,29,79,0.492,15700,8980,40,0.5697,5
905,1,29,79,0.492,20900,8980,40,0.5534,5
906,1,29,79,0.492,26100,8980,40,0.5403,5
907,1,29,79,0.492,31300,8980,40,0.5298,5
908,1,29,79,0.492,39500,8980,40,0.516,5
910,1,29,79,0.599,12000,8980,40,0.694,5
911,1,29,79,0.599,14000,8980,40,0.675,5
912,1,29,79,0.599,16000,8980,40,0.67,5
913,1,29,79,0.599,20000,8980,40,0.655,5
914,1,29,79,0.599,25000,8980,40,0.643,5
915,1,29,79,0.604,14000,8980,40,0.511,5
916,1,29,79,0.7,13000,8980,40,0.7758,5
917,1,29,79,0.7,15700,8980,40,0.7583,5
918,1,29,79,0.7,20900,8980,40,0.7468,5
919,1,29,79,0.7,26100,8980,40,0.7387,5
920,1,29,79,0.7,31300,8980,40,0.727,5
921,1,29,79,0.7,36500,8980,40,0.7223,5
922,1,29,79,0.7,38500,8980,40,0.7161,5
923,1,29,79,0.799,12000,8980,40,0.853,5
924,1,29,79,0.799,14000,8980,40,0.845,5
925,1,29,79,0.799,16000,8980,40,0.845,5
926,1,29,79,0.799,20000,8980,40,0.835,5
927,1,29,79,0.799,25000,8980,40,0.827,5
928,1,29,79,0.1983,12000,8980,52.5,0.273,4
929,1,29,79,0.1983,15000,8980,52.5,0.254,4
930,1,29,79,0.1983,20000,8980,52.5,0.247,4
931,1,29,79,0.1983,25000,8980,52.5,0.24,4
932,1,29,79,0.1983,30000,8980,52.5,0.235,4
933,1,29,79,0.1983,40000,8980,52.5,0.218,4
934,1,29,79,0.1983,48500,8980,52.5,0.209,4
935,1,29,79,0.3964,12000,8980,52.5,0.5,4
936,1,29,79,0.3964,15000,8980,52.5,0.48,4
937,1,29,79,0.3964,20000,8980,52.5,0.464,4
938,1,29,79,0.3964,25000,8980,52.5,0.443,4
939,1,29,79,0.3964,30000,8980,52.5,0.453,4
940,1,29,79,0.3964,40000,8980,52.5,0.416,4
941,1,29,79,0.3964,48500,8980,52.5,0.414,4
942,1,29,79,0.5992,12000,8980,52.5,0.698,4
943,1,29,79,0.5992,15000,8980,52.5,0.676,4
944,1,29,79,0.5992,20000,8980,52.5,0.663,4
945,1,29,79,0.5992,25000,8980,52.5,0.651,4
946,1,29,79,0.5992,30000,8980,52.5,0.644,4
947,1,29,79,0.5992,40000,8980,52.5,0.616,4
948,1,29,79,0.5992,48500,8980,52.5,0.604,4
949,1,29,79,0.7985,12000,8980,52.5,0.869,4
950,1,29,79,0.7985,15000,8980,52.5,0.851,4
951,1,29,79,0.7985,20000,8980,52.5,0.841,4
952,1,29,79,0.7985,25000,8980,52.5,0.834,4
953,1,29,79,0.7985,30000,8980,52.5,0.826,4
954,1,29,79,0.7985,40000,8980,52.5,0.815,4
955,1,29,79,0.7985,48500,8980,52.5,0.8,4
956,3,29,79,0.1983,5000,931,52.5,0.21,4
957,3,29,79,0.1983,7500,931,52.5,0.203,4
958,3,29,79,0.1983,10000,931,52.5,0.166,4
959,3,29,79,0.1983,12000,931,52.5,0.155,4
960,3,29,79,0.1983,15000,931,52.5,0.136,4
961,3,29,79,0.1983,20000,931,52.5,0.109,4
962,3,29,79,0.1983,25000,931,52.5,0.097,4
963,3,29,79,0.1983,30000,931,52.5,0.087,4
964,3,29,79,0.1983,40000,931,52.5,0.067,4
965,3,29,79,0.1983,48500,931,52.5,0.069,4
966,3,29,79,0.3964,5000,931,52.5,0.417,4
967,3,29,79,0.3964,7500,931,52.5,0.404,4
968,3,29,79,0.3964,10000,931,52.5,0.354,4
969,3,29,79,0.3964,12000,931,52.5,0.325,4
970,3,29,79,0.3964,15000,931,52.5,0.295,4
971,3,29,79,0.3964,20000,931,52.5,0.247,4
972,3,29,79,0.3964,25000,931,52.5,0.219,4
973,3,29,79,0.3964,30000,931,52.5,0.2,4
974,3,29,79,0.3964,40000,931,52.5,0.166,4
975,3,29,79,0.3964,48500,931,52.5,0.161,4
976,3,29,79,0.5992,5000,931,52.5,0.619,4
977,3,29,79,0.5992,7500,931,52.5,0.604,4
978,3,29,79,0.5992,10000,931,52.5,0.557,4
979,3,29,79,0.5992,12000,931,52.5,0.524,4
980,3,29,79,0.5992,15000,931,52.5,0.484,4
981,3,29,79,0.5992,20000,931,52.5,0.428,4
982,3,29,79,0.5992,25000,931,52.5,0.387,4
983,3,29,79,0.5992,30000,931,52.5,0.36,4
984,3,29,79,0.5992,40000,931,52.5,0.313,4
985,3,29,79,0.5992,48500,931,52.5,0.304,4
986,3,29,79,0.7985,5000,931,52.5,0.815,4
987,3,29,79,0.7985,7500,931,52.5,0.809,4
988,3,29,79,0.7985,10000,931,52.5,0.764,4
989,3,29,79,0.7985,12000,931,52.5,0.747,4
990,3,29,79,0.7985,15000,931,52.5,0.716,4
991,3,29,79,0.7985,20000,931,52.5,0.672,4
992,3,29,79,0.7985,25000,931,52.5,0.632,4
993,3,29,79,0.7985,30000,931,52.5,0.602,4
994,3,29,79,0.7985,40000,931,52.5,0.55,4
995,3,29,79,0.7985,48500,931,52.5,0.544,4
996,1,30,16,0.671,15000,9669,75,0.62,7
997,1,30,16,0.671,20000,9669,75,0.62,7
998,1,30,16,0.671,25000,9669,75,0.626,7
999,1,30,16,0.671,30000,9669,75,0.628,7
1000,1,30,29,0.271,25000,9669,18,0.273,7
1001,1,33,31,0.518,15000,11866,20,0.492,7
1002,1,33,31,0.518,20000,11866,20,0.477,7
1003,1,33,31,0.518,25000,11866,20,0.465,7
1004,1,33,31,0.518,30000,11866,20,0.446,7
1005,1,33,31,0.518,35000,11866,20,0.428,7
1006,1,33,49,0.395,15000,11866,20,0.418,7
1007,1,33,49,0.395,20000,11866,20,0.405,7
1008,1,33,49,0.395,25000,11866,20,0.394,7
1009,1,33,49,0.395,30000,11866,20,0.385,7
1010,1,33,49,0.395,35000,11866,20,0.377,7
1011,3,40,5,0.8211,4000,2222,40,0.754,1
1012,3,40,5,0.8211,6000,2222,40,0.7662,1
1013,3,40,5,0.8211,8000,2222,40,0.777,1
1014,3,40,5,0.8211,10000,2222,40,0.7855,1
1015,3,40,5,0.8211,12000,2222,40,0.793,1
1016,3,40,5,0.8211,20000,2222,40,0.814,1
1017,3,40,5,0.8211,25000,2222,40,0.8225,1
1018,3,40,5,0.8211,30000,2222,40,0.829,1
1019,3,40,5,0.8211,15000,2222,40,0.8024,5
1020,3,40,6,0.9145,4000,2222,40,0.8981,11
1021,3,40,6,0.9145,6000,2222,40,0.9011,11
1022,3,40,6,0.9145,8000,2222,40,0.9033,11
1023,3,40,6,0.9145,10000,2222,40,0.9055,11
1024,3,40,6,0.9145,12000,2222,40,0.907,11
1025,3,40,6,0.9145,15000,2222,40,0.9088,11
1026,3,40,6,0.9145,20000,2222,40,0.9095,11
1027,3,40,6,0.9145,25000,2222,40,0.91,11
1028,3,40,6,0.9145,30000,2222,40,0.911,11
1029,1,40,8,0.945,28500,17998,15,0.92,6
1030,1,40,8,0.945,28500,17998,15,0.92,7
1031,3,40,8,0.74,10000,2222,20,0.643,7
1032,3,40,8,0.74,20000,2222,20,0.649,7
1033,3,40,8,0.74,10000,2222,40,0.682,6
1034,3,40,8,0.74,15000,2222,40,0.699,6
1035,1,40,13,0.53,28500,17998,15,0.472,6
1036,1,40,13,0.53,28500,17998,15,0.472,7
1037,1,40,14,0.62,28500,17998,15,0.544,6
1038,1,40,14,0.62,28500,17998,15,0.544,7
1039,1,40,14,0.796,28500,17998,15,0.748,6
1040,1,40,14,0.796,28500,17998,15,0.748,7
1041,3,41,5,0.8958,6000,2371,30,0.868,1
1042,3,41,5,0.8285,4000,2371,40,0.7502,1
1043,3,41,5,0.8285,6000,2371,40,0.764,1
1044,3,41,5,0.8285,8000,2371,40,0.776,1
1045,3,41,5,0.8285,10000,2371,40,0.7862,1
1046,3,41,5,0.8285,12000,2371,40,0.795,1
1047,3,41,5,0.8285,15000,2371,40,0.806,1
1048,3,41,5,0.8285,20000,2371,40,0.821,1
1049,3,41,5,0.8285,25000,2371,40,0.8338,1
1050,3,41,5,0.8285,30000,2371,40,0.8442,1
1051,3,41,5,0.8958,4000,2371,40,0.8588,1
1052,3,41,5,0.8958,8000,2371,40,0.8758,1
1053,3,41,5,0.8958,10000,2371,40,0.882,1
1054,3,41,5,0.8958,12000,2371,40,0.8878,1
1055,3,41,5,0.8958,15000,2371,40,0.8942,1
1056,3,41,5,0.8958,20000,2371,40,0.9036,1
1057,3,41,5,0.8958,25000,2371,40,0.91,1
1058,3,41,5,0.8958,30000,2371,40,0.9157,1
1059,3,41,6,0.886,7000,2371,18,0.868,7
1060,3,41,6,0.885,10000,2371,40,0.876,7
1061,3,41,6,0.886,4000,2371,40,0.8845,7
1062,3,41,6,0.886,6000,2371,40,0.8823,7
1063,3,41,6,0.886,8000,2371,40,0.8864,7
1064,3,41,6,0.9145,4000,2371,40,0.875,11
1065,3,41,6,0.9145,6000,2371,40,0.8822,11
1066,3,41,6,0.9145,8000,2371,40,0.888,11
1067,3,41,6,0.9145,10000,2371,40,0.893,11
1068,3,41,6,0.9145,12000,2371,40,0.897,11
1069,3,41,6,0.9145,15000,2371,40,0.9022,11
1070,3,41,6,0.9145,20000,2371,40,0.9088,11
1071,3,41,6,0.9145,25000,2371,40,0.9135,11
1072,3,41,6,0.9145,30000,2371,40,0.9175,11
1073,3,41,22,0.65,25000,2371,18,0.599,7
1074,3,41,23,0.08,10000,2371,20,0.07,7
1075,3,41,23,0.08,15000,2371,20,0.068,7
1076,3,41,23,0.08,10000,2371,52.5,0.0757,5
1077,3,41,23,0.08,15000,2371,52.5,0.0761,5
1078,3,41,23,0.08,20000,2371,52.5,0.073,5
1079,3,41,23,0.08,25000,2371,52.5,0.0698,5
1080,3,41,23,0.08,30000,2371,52.5,0.0657,5
1081,3,41,23,0.08,10000,2371,75,0.073,5
1082,3,41,23,0.08,15000,2371,75,0.074,5
1083,3,41,23,0.08,20000,2371,75,0.0739,5
1084,3,41,23,0.08,25000,2371,75,0.073,5
1085,3,41,23,0.08,30000,2371,75,0.0722,5
1086,3,41,23,0.08,35000,2371,75,0.0707,5
1087,3,41,23,0.08,40000,2371,75,0.0684,5
1088,3,41,23,0.08,10000,2371,75,0.073,7
1089,3,41,92,0.0132,10000,2371,40,0.0144,9
1090,3,41,92,0.0132,15000,2371,40,0.0119,9
1091,3,41,92,0.0132,20000,2371,40,0.0108,9
1092,3,41,92,0.0132,25000,2371,40,0.0097,9
1093,3,41,92,0.0132,30000,2371,40,0.0086,9
1094,3,41,92,0.0132,35000,2371,40,0.0082,9
1095,3,41,92,0.0132,40000,2371,40,0.0077,9
1096,3,41,92,0.0189,10000,2371,40,0.0205,9
1097,3,41,92,0.0189,15000,2371,40,0.0172,9
1098,3,41,92,0.0189,20000,2371,40,0.0156,9
1099,3,41,92,0.0189,25000,2371,40,0.0137,9
1100,3,41,92,0.0189,30000,2371,40,0.0128,9
1101,3,41,92,0.0189,35000,2371,40,0.0118,9
1102,3,41,92,0.0189,40000,2371,40,0.0112,9
1103,3,41,92,0.0406,10000,2371,40,0.044,9
1104,3,41,92,0.0406,15000,2371,40,0.0362,9
1105,3,41,92,0.0406,20000,2371,40,0.0334,9
1106,3,41,92,0.0406,25000,2371,40,0.0301,9
1107,3,41,92,0.0406,30000,2371,40,0.0271,9
1108,3,41,92,0.0406,35000,2371,40,0.0253,9
1109,3,41,92,0.0406,40000,2371,40,0.0235,9
1110,3,41,92,0.0587,10000,2371,40,0.0629,9
1111,3,41,92,0.0587,15000,2371,40,0.0527,9
1112,3,41,92,0.0587,20000,2371,40,0.0479,9
1113,3,41,92,0.0587,25000,2371,40,0.0433,9
1114,3,41,92,0.0587,30000,2371,40,0.0396,9
1115,3,41,92,0.0587,35000,2371,40,0.037,9
1116,3,41,92,0.0587,40000,2371,40,0.034,9
1117,3,41,92,0.0741,10000,2371,40,0.0817,9
1118,3,41,92,0.0741,15000,2371,40,0.0661,9
1119,3,41,92,0.0741,20000,2371,40,0.0611,9
1120,3,41,92,0.0741,25000,2371,40,0.0549,9
1121,3,41,92,0.0741,30000,2371,40,0.0501,9
1122,3,41,92,0.0741,35000,2371,40,0.0468,9
1123,3,41,92,0.0741,40000,2371,40,0.0434,9
1124,3,41,92,0.1286,10000,2371,40,0.1417,9
1125,3,41,92,0.1286,15000,2371,40,0.1158,9
1126,3,41,92,0.1286,20000,2371,40,0.1066,9
1127,3,41,92,0.1286,25000,2371,40,0.0965,9
1128,3,41,92,0.1286,30000,2371,40,0.0884,9
1129,3,41,92,0.1286,35000,2371,40,0.0831,9
1130,3,41,92,0.1286,40000,2371,40,0.0762,9
1131,3,42,5,0.8987,4000,2520,40,0.8401,1
1132,3,42,5,0.8987,6000,2520,40,0.85,1
1133,3,42,5,0.8987,8000,2520,40,0.858,1
1134,3,42,5,0.8987,10000,2520,40,0.866,1
1135,3,42,5,0.8987,12000,2520,40,0.8731,1
1136,3,42,5,0.8987,15000,2520,40,0.8828,1
1137,3,42,5,0.8987,20000,2520,40,0.8978,1
1138,3,42,5,0.8987,25000,2520,40,0.91,1
1139,3,42,5,0.8987,30000,2520,40,0.9202,1
1140,3,42,6,0.9442,4000,2520,40,0.906,11
1141,3,42,6,0.9442,6000,2520,40,0.9128,11
1142,3,42,6,0.9442,8000,2520,40,0.9182,11
1143,3,42,6,0.9442,10000,2520,40,0.9225,11
1144,3,42,6,0.9442,12000,2520,40,0.9264,11
1145,3,42,6,0.9442,15000,2520,40,0.9312,11
1146,3,42,6,0.9442,20000,2520,40,0.9373,11
1147,3,42,6,0.9442,25000,2520,40,0.9418,11
1148,3,42,6,0.9442,30000,2520,40,0.9458,11
1149,3,42,8,0.67,5000,2520,40,0.539,6
1150,3,42,8,0.67,10000,2520,40,0.581,6
1151,3,42,8,0.67,15000,2520,40,0.599,6
1152,1,42,14,0.631,30000,20000,20,0.56,7
1153,1,42,14,0.631,35000,20000,20,0.567,7
1154,3,42,14,0.631,10000,2520,20,0.485,7
1155,3,42,14,0.631,15000,2520,20,0.454,7
1156,3,42,14,0.631,20000,2520,20,0.413,7
1157,3,42,14,0.631,25000,2520,20,0.377,7
1158,3,42,14,0.631,30000,2520,20,0.354,7
1159,3,42,74,0.215,5000,2520,18,0.23,7
1160,3,42,74,0.2,10000,2520,52.5,0.212,7
1161,3,42,74,0.2,15000,2520,52.5,0.164,7
1162,3,42,74,0.2,20000,2520,52.5,0.143,7
1163,3,44,73,0.193,30000,2838,15.5,0.067,7
1164,3,44,73,0.358,30000,2838,15.5,0.14,7
1165,3,44,73,0.456,30000,2838,15.5,0.197,7
1166,3,44,73,0.566,30000,2838,15.5,0.282,7
1167,3,44,73,0.835,30000,2838,15.5,0.614,7
1168,3,45,74,0.024,30000,3004,15.5,0.008,7
1169,3,45,74,0.41,30000,3004,15.5,0.185,7
1170,3,45,74,0.564,30000,3004,15.5,0.293,7
1171,3,45,74,0.688,30000,3004,15.5,0.425,7
1172,3,45,74,0.911,30000,3004,15.5,0.776,7
1173,3,46,79,0.359,5200,3173,40,0.3921,5
1174,3,46,79,0.359,10300,3173,40,0.3342,5
1175,3,46,79,0.359,15500,3173,40,0.2876,5
1176,3,46,79,0.359,20700,3173,40,0.2445,5
1177,3,46,79,0.359,25800,3173,40,0.2154,5
1178,3,46,79,0.359,31000,3173,40,0.1898,5
1179,3,46,79,0.359,36200,3173,40,0.1742,5
1180,3,47,79,0.1995,10000,3351,40,0.1853,8
1181,3,47,79,0.1995,15000,3351,40,0.1576,8
1182,3,47,79,0.1995,20000,3351,40,0.1343,8
1183,3,47,79,0.1995,25000,3351,40,0.1153,8
1184,3,47,79,0.1995,30000,3351,40,0.1006,8
1185,3,47,79,0.3995,10000,3351,40,0.3783,8
1186,3,47,79,0.3995,15000,3351,40,0.3349,8
1187,3,47,79,0.3995,20000,3351,40,0.2959,8
1188,3,47,79,0.3995,25000,3351,40,0.2606,8
1189,3,47,79,0.3995,30000,3351,40,0.2323,8
1190,3,47,79,0.5997,10000,3351,40,0.5803,8
1191,3,47,79,0.5997,15000,3351,40,0.5327,8
1192,3,47,79,0.5997,20000,3351,40,0.4875,8
1193,3,47,79,0.5997,25000,3351,40,0.4458,8
1194,3,47,79,0.5997,30000,3351,40,0.4074,8
1195,3,47,79,0.7757,10000,3351,40,0.7627,8
1196,3,47,79,0.7757,15000,3351,40,0.7248,8
1197,3,47,79,0.7757,20000,3351,40,0.6869,8
1198,3,47,79,0.7757,25000,3351,40,0.651,8
1199,3,47,79,0.7757,30000,3351,40,0.6161,8
1200,3,47,79,0.1996,5000,3351,52.5,0.223,4
1201,3,47,79,0.1996,10000,3351,52.5,0.191,4
1202,3,47,79,0.1996,20000,3351,52.5,0.144,4
1203,3,47,79,0.1996,30000,3351,52.5,0.109,4
1204,3,47,79,0.1996,40000,3351,52.5,0.0887,4
1205,3,47,79,0.1996,48500,3351,52.5,0.0795,4
1206,3,47,79,0.1996,5000,3351,52.5,0.223,6
1207,3,47,79,0.3992,5000,3351,52.5,0.436,4
1208,3,47,79,0.3992,10000,3351,52.5,0.386,4
1209,3,47,79,0.3992,20000,3351,52.5,0.309,4
1210,3,47,79,0.3992,30000,3351,52.5,0.245,4
1211,3,47,79,0.3992,40000,3351,52.5,0.208,4
1212,3,47,79,0.3992,48500,3351,52.5,0.181,4
1213,3,47,79,0.3992,5000,3351,52.5,0.436,6
1214,3,47,79,0.5993,5000,3351,52.5,0.624,4
1215,3,47,79,0.5993,10000,3351,52.5,0.584,4
1216,3,47,79,0.5993,20000,3351,52.5,0.504,4
1217,3,47,79,0.5993,30000,3351,52.5,0.426,4
1218,3,47,79,0.5993,40000,3351,52.5,0.375,4
1219,3,47,79,0.5993,48500,3351,52.5,0.339,4
1220,3,47,79,0.7758,5000,3351,52.5,0.807,4
1221,3,47,79,0.7758,10000,3351,52.5,0.764,4
1222,3,47,79,0.7758,20000,3351,52.5,0.706,4
1223,3,47,79,0.7758,30000,3351,52.5,0.636,4
1224,3,47,79,0.7758,40000,3351,52.5,0.586,4
1225,3,47,79,0.7758,48500,3351,52.5,0.542,4
1226,4,47,79,0.1996,15000,3524,52.5,0.167,4
1227,4,47,79,0.1996,20000,3524,52.5,0.146,4
1228,4,47,79,0.1996,30000,3524,52.5,0.112,4
1229,4,47,79,0.1996,40000,3524,52.5,0.0898,4
1230,4,47,79,0.1996,48500,3524,52.5,0.072,4
1231,4,47,79,0.3992,30000,3524,52.5,0.253,1
1232,4,47,79,0.3992,15000,3524,52.5,0.349,4
1233,4,47,79,0.3992,20000,3524,52.5,0.312,4
1234,4,47,79,0.3992,40000,3524,52.5,0.209,4
1235,4,47,79,0.3992,48500,3524,52.5,0.175,4
1236,4,47,79,0.5993,15000,3524,52.5,0.548,4
1237,4,47,79,0.5993,20000,3524,52.5,0.506,4
1238,4,47,79,0.5993,30000,3524,52.5,0.436,4
1239,4,47,79,0.5993,40000,3524,52.5,0.368,4
1240,4,47,79,0.5993,48500,3524,52.5,0.34,4
1241,4,47,79,0.7758,15000,3524,52.5,0.742,4
1242,4,47,79,0.7758,20000,3524,52.5,0.7,4
1243,4,47,79,0.7758,30000,3524,52.5,0.645,4
1244,4,47,79,0.7758,40000,3524,52.5,0.574,4
1245,4,47,79,0.7758,48500,3524,52.5,0.542,4
1246,3,48,12,0.55,30000,3538,52.5,0.454,7
1247,3,48,12,0.72,30000,3538,52.5,0.639,7
1248,3,48,16,0.778,10000,3538,20,0.671,7
1249,3,48,16,0.778,20000,3538,20,0.665,7
1250,3,48,16,0.778,30000,3538,20,0.643,7
1251,3,49,15,0.787,10000,3730,20,0.718,7
1252,3,49,15,0.787,15000,3730,20,0.717,7
1253,3,49,15,0.787,20000,3730,20,0.709,7
1254,3,49,15,0.787,25000,3730,20,0.691,7
1255,3,49,15,0.787,30000,3730,20,0.677,7
1256,3,49,15,0.787,35000,3730,20,0.674,7
1257,3,49,33,0.605,10000,3730,20,0.569,7
1258,3,49,33,0.605,15000,3730,20,0.563,7
1259,3,49,33,0.605,20000,3730,20,0.539,7
1260,3,49,33,0.605,25000,3730,20,0.521,7
1261,3,49,33,0.605,30000,3730,20,0.498,7
1262,3,49,33,0.605,35000,3730,20,0.5,7
1263,3,49,51,0.485,10000,3730,20,0.492,7
1264,3,49,51,0.485,20000,3730,20,0.499,7
1265,3,49,51,0.485,30000,3730,20,0.494,7
1266,3,50,26,0.68,20000,3929,40,0.6586,7
1267,3,50,26,0.8095,20000,3929,40,0.7872,7
1268,3,50,28,0.5741,20000,3929,40,0.5162,7
1269,3,51,25,0.526,10000,4132,20,0.498,7
1270,3,51,25,0.526,15000,4132,20,0.53,7
1271,3,51,25,0.526,20000,4132,20,0.534,7
1272,3,51,25,0.526,25000,4132,20,0.551,7
1273,3,51,25,0.526,30000,4132,20,0.574,7
1274,3,51,25,0.526,35000,4132,20,0.579,7
1275,3,51,31,0.636,10000,4132,20,0.599,7
1276,3,51,31,0.636,15000,4132,20,0.598,7
1277,3,51,31,0.636,20000,4132,20,0.594,7
1278,3,51,31,0.636,25000,4132,20,0.58,7
1279,3,51,31,0.636,30000,4132,20,0.571,7
1280,3,51,31,0.636,35000,4132,20,0.571,7
1281,3,51,49,0.515,10000,4132,20,0.53,7
1282,3,51,49,0.515,20000,4132,20,0.541,7
1283,3,51,49,0.515,30000,4132,20,0.543,7
1284,3,51,83,0.0277,10000,4132,52.5,0.0277,5
1285,3,51,83,0.0277,15000,4132,52.5,0.024,5
1286,3,51,83,0.0277,20000,4132,52.5,0.021,5
1287,3,51,83,0.0502,10000,4132,52.5,0.0502,5
1288,3,51,83,0.0502,15000,4132,52.5,0.0437,5
1289,3,51,83,0.0502,20000,4132,52.5,0.0382,5
1290,3,51,83,0.0502,25000,4132,52.5,0.034,5
1291,3,51,83,0.0502,30000,4132,52.5,0.0306,5
1292,3,51,83,0.1058,10000,4132,52.5,0.1058,5
1293,3,51,83,0.1058,15000,4132,52.5,0.0928,5
1294,3,51,83,0.1058,20000,4132,52.5,0.0817,5
1295,3,51,83,0.1058,25000,4132,52.5,0.0731,5
1296,3,51,83,0.1058,30000,4132,52.5,0.0659,5
1297,3,51,83,0.1664,10000,4132,52.5,0.1664,5
1298,3,51,83,0.1664,15000,4132,52.5,0.1471,5
1299,3,51,83,0.1664,20000,4132,52.5,0.1305,5
1300,3,51,83,0.1664,25000,4132,52.5,0.1174,5
1301,3,51,83,0.1664,30000,4132,52.5,0.1064,5
1302,3,51,83,0.313,10000,4132,52.5,0.313,5
1303,3,51,83,0.313,15000,4132,52.5,0.2825,5
1304,3,51,83,0.313,20000,4132,52.5,0.2552,5
1305,3,51,83,0.313,25000,4132,52.5,0.233,5
1306,3,51,83,0.313,30000,4132,52.5,0.2136,5
1307,3,51,83,0.4602,10000,4132,52.5,0.4602,5
1308,3,51,83,0.4602,15000,4132,52.5,0.4242,5
1309,3,51,83,0.4602,20000,4132,52.5,0.3906,5
1310,3,51,83,0.4602,25000,4132,52.5,0.3624,5
1311,3,51,83,0.4602,30000,4132,52.5,0.337,5
1312,3,51,83,0.5344,10000,4132,52.5,0.5344,5
1313,3,51,83,0.5344,15000,4132,52.5,0.498,5
1314,3,51,83,0.5344,20000,4132,52.5,0.4632,5
1315,3,51,83,0.5344,25000,4132,52.5,0.4335,5
1316,3,51,83,0.5344,30000,4132,52.5,0.4063,5
1317,3,51,83,0.6255,10000,4132,52.5,0.6255,5
1318,3,51,83,0.6255,15000,4132,52.5,0.5908,5
1319,3,51,83,0.6255,20000,4132,52.5,0.5567,5
1320,3,51,83,0.6255,25000,4132,52.5,0.5268,5
1321,3,51,83,0.6255,30000,4132,52.5,0.499,5
1322,3,73,5,0.9077,12000,9881,40,0.823,1
1323,3,73,5,0.9077,15000,9881,40,0.8365,1
1324,3,73,5,0.9077,20000,9881,40,0.8525,1
1325,3,73,5,0.9077,25000,9881,40,0.8622,1
1326,3,73,5,0.9077,30000,9881,40,0.869,1
1327,3,73,5,0.9436,12000,9881,40,0.9158,1
1328,3,73,5,0.9436,15000,9881,40,0.9193,1
1329,3,73,5,0.9436,20000,9881,40,0.923,1
1330,3,73,5,0.9436,25000,9881,40,0.9258,1
1331,3,73,5,0.9436,30000,9881,40,0.926,1
1332,8,73,5,0.9077,4000,1735,40,0.8478,1
1333,8,73,5,0.9077,6000,1735,40,0.856,1
1334,8,73,5,0.9077,8000,1735,40,0.8625,1
1335,8,73,5,0.9077,10000,1735,40,0.869,1
1336,8,73,5,0.9077,12000,1735,40,0.874,1
1337,8,73,5,0.9077,15000,1735,40,0.8803,1
1338,8,73,5,0.9077,20000,1735,40,0.8895,1
1339,8,73,5,0.9077,25000,1735,40,0.896,1
1340,8,73,5,0.9077,30000,1735,40,0.9002,1
1341,8,73,5,0.9436,4000,1735,40,0.916,1
1342,8,73,5,0.9436,6000,1735,40,0.9208,1
1343,8,73,5,0.9436,8000,1735,40,0.9258,1
1344,8,73,5,0.9436,10000,1735,40,0.9295,1
1345,8,73,5,0.9436,12000,1735,40,0.9324,1
1346,8,73,5,0.9436,15000,1735,40,0.9365,1
1347,8,73,5,0.9436,20000,1735,40,0.943,1
1348,8,73,5,0.9436,25000,1735,40,0.9462,1
1349,8,73,5,0.9436,30000,1735,40,0.9482,1
1350,3,73,6,0.938,20000,9881,18,0.912,7
1351,3,73,6,0.94,12000,9881,40,0.882,11
1352,3,73,6,0.94,15000,9881,40,0.8886,11
1353,3,73,6,0.94,20000,9881,40,0.898,11
1354,3,73,6,0.94,25000,9881,40,0.906,11
1355,3,73,6,0.94,30000,9881,40,0.913,11
1356,3,73,6,0.97,12000,9881,40,0.9348,11
1357,3,73,6,0.97,15000,9881,40,0.9406,11
1358,3,73,6,0.97,20000,9881,40,0.9453,11
1359,3,73,6,0.97,25000,9881,40,0.9503,11
1360,3,73,6,0.97,30000,9881,40,0.9543,11
1361,8,73,6,0.94,4000,1735,40,0.8765,11
1362,8,73,6,0.94,6000,1735,40,0.8815,11
1363,8,73,6,0.94,8000,1735,40,0.8862,11
1364,8,73,6,0.94,10000,1735,40,0.8905,11
1365,8,73,6,0.94,12000,1735,40,0.8943,11
1366,8,73,6,0.94,15000,1735,40,0.9,11
1367,8,73,6,0.94,20000,1735,40,0.9088,11
1368,8,73,6,0.94,25000,1735,40,0.9162,11
1369,8,73,6,0.94,30000,1735,40,0.922,11
1370,8,73,6,0.97,4000,1735,40,0.9342,11
1371,8,73,6,0.97,6000,1735,40,0.939,11
1372,8,73,6,0.97,8000,1735,40,0.9428,11
1373,8,73,6,0.97,10000,1735,40,0.9462,11
1374,8,73,6,0.97,12000,1735,40,0.949,11
1375,8,73,6,0.97,15000,1735,40,0.954,11
1376,8,73,6,0.97,20000,1735,40,0.9602,11
1377,8,73,6,0.97,25000,1735,40,0.966,11
1378,8,73,6,0.97,30000,1735,40,0.9702,11
1379,9,73,6,0.938,7000,1793,18,0.914,7
1380,9,73,6,0.937,4000,1793,40,0.877,7
1381,9,73,6,0.938,6000,1793,40,0.8933,7
1382,9,73,6,0.938,8000,1793,40,0.8908,7
1383,9,73,6,0.938,10000,1793,40,0.902,7
1384,3,73,44,0.165,30000,9881,15.5,0.16,7
1385,3,73,44,0.309,30000,9881,15.5,0.289,7
1386,3,73,44,0.434,30000,9881,15.5,0.414,7
1387,3,73,44,0.544,30000,9881,15.5,0.532,7
1388,3,73,44,0.642,30000,9881,15.5,0.635,7
1389,3,73,44,0.807,30000,9881,15.5,0.8,7
1390,3,73,44,0.941,30000,9881,15.5,0.96,7
1391,3,74,5,0.9445,12000,10206,40,0.8918,1
1392,3,74,5,0.9445,15000,10206,40,0.899,1
1393,3,74,5,0.9445,20000,10206,40,0.9103,1
1394,3,74,5,0.9445,25000,10206,40,0.9198,1
1395,3,74,5,0.9445,30000,10206,40,0.9264,1
1396,8,74,5,0.9445,4000,1809,40,0.885,1
1397,8,74,5,0.9445,6000,1809,40,0.895,1
1398,8,74,5,0.9445,8000,1809,40,0.9038,1
1399,8,74,5,0.9445,10000,1809,40,0.9105,1
1400,8,74,5,0.9445,12000,1809,40,0.9178,1
1401,8,74,5,0.9445,15000,1809,40,0.9258,1
1402,8,74,5,0.9445,20000,1809,40,0.9375,1
1403,8,74,5,0.9445,25000,1809,40,0.9463,1
1404,8,74,5,0.9445,30000,1809,40,0.953,1
1405,3,74,6,0.9387,15000,10206,40,0.88,6
1406,3,74,6,0.9387,20000,10206,40,0.891,6
1407,3,74,6,0.9387,30000,10206,40,0.908,6
1408,3,74,6,0.9387,35000,10206,40,0.911,6
1409,3,74,6,0.9387,12000,10206,40,0.8558,11
1410,3,74,6,0.9387,15000,10206,40,0.8782,11
1411,3,74,6,0.9387,20000,10206,40,0.8975,11
1412,3,74,6,0.9387,25000,10206,40,0.9093,11
1413,3,74,6,0.9387,30000,10206,40,0.9178,11
1414,3,74,6,0.97,12000,10206,40,0.9153,11
1415,3,74,6,0.97,15000,10206,40,0.929,11
1416,3,74,6,0.97,20000,10206,40,0.9432,11
1417,3,74,6,0.97,25000,10206,40,0.9522,11
1418,3,74,6,0.97,30000,10206,40,0.958,11
1419,8,74,6,0.9387,4000,1809,40,0.856,11
1420,8,74,6,0.9387,6000,1809,40,0.8712,11
1421,8,74,6,0.9387,8000,1809,40,0.8823,11
1422,8,74,6,0.9387,10000,1809,40,0.891,11
1423,8,74,6,0.9387,12000,1809,40,0.8987,11
1424,8,74,6,0.9387,15000,1809,40,0.9081,11
1425,8,74,6,0.9387,20000,1809,40,0.9212,11
1426,8,74,6,0.9387,25000,1809,40,0.9328,11
1427,8,74,6,0.9387,30000,1809,40,0.9428,11
1428,8,74,6,0.97,4000,1809,40,0.8865,11
1429,8,74,6,0.97,6000,1809,40,0.906,11
1430,8,74,6,0.97,8000,1809,40,0.9178,11
1431,8,74,6,0.97,10000,1809,40,0.9272,11
1432,8,74,6,0.97,12000,1809,40,0.935,11
1433,8,74,6,0.97,15000,1809,40,0.9443,11
1434,8,74,6,0.97,20000,1809,40,0.9568,11
1435,8,74,6,0.97,25000,1809,40,0.9668,11
1436,8,74,6,0.97,30000,1809,40,0.9756,11
1437,3,74,42,0.785,30000,10206,18,0.764,7
1438,3,74,42,0.8,15000,10206,52.5,0.742,7
1439,3,74,42,0.8,20000,10206,52.5,0.772,7
1440,8,74,42,0.8,10000,1809,52.5,0.726,7
1441,9,74,42,0.785,5000,1872,18,0.764,7
1442,3,74,44,0.438,30000,10206,15.5,0.444,7
1443,3,74,44,0.645,30000,10206,15.5,0.655,7
1444,3,74,44,0.809,30000,10206,15.5,0.825,7
1445,3,74,44,0.942,30000,10206,15.5,0.965,7
1446,3,78,28,0.449,30000,11564,15.5,0.345,7
1447,3,78,28,0.703,30000,11564,15.5,0.58,7
1448,3,78,28,0.836,30000,11564,15.5,0.775,7
1449,3,78,28,0.935,30000,11564,15.5,0.884,7
1450,3,79,25,0.766,28500,11919,17.3,0.683,7
1451,3,79,29,0.206,30000,11919,15.5,0.152,7
1452,3,79,29,0.402,30000,11919,15.5,0.324,7
1453,3,79,29,0.601,30000,11919,15.5,0.505,7
1454,3,79,29,0.799,30000,11919,15.5,0.73,7
1455,3,79,29,0.025,28200,11919,17.3,0.016,7
1456,3,79,29,0.2,16800,11919,17.3,0.147,7
1457,3,79,29,0.2,19800,11919,17.3,0.145,7
1458,3,79,29,0.2,22500,11919,17.3,0.147,7
1459,3,79,29,0.2,28200,11919,17.3,0.146,7
1460,3,79,29,0.2,33900,11919,17.3,0.14,7
1461,3,79,29,0.238,28500,11919,17.3,0.174,7
1462,3,79,29,0.4,28200,11919,17.3,0.31,5
1463,3,79,29,0.527,28500,11919,17.3,0.433,5
1464,3,79,29,0.6,16800,11919,17.3,0.498,7
1465,3,79,29,0.6,19800,11919,17.3,0.5,7
1466,3,79,29,0.6,22500,11919,17.3,0.514,7
1467,3,79,29,0.6,28200,11919,17.3,0.51,7
1468,3,79,29,0.6,33900,11919,17.3,0.502,7
1469,3,79,29,0.8,28200,11919,17.3,0.737,5
1470,3,79,29,0.201,25000,11919,18,0.149,7
1471,3,79,29,0.401,25000,11919,18,0.314,7
1472,3,79,29,0.604,25000,11919,18,0.513,7
1473,3,79,29,0.801,25000,11919,18,0.741,7
1474,3,79,29,0.201,16000,11919,40,0.147,5
1475,3,79,29,0.201,20000,11919,40,0.153,5
1476,3,79,29,0.201,25000,11919,40,0.155,5
1477,3,79,29,0.3,13000,11919,40,0.2319,5
1478,3,79,29,0.3,15700,11919,40,0.2278,5
1479,3,79,29,0.3,20900,11919,40,0.2365,5
1480,3,79,29,0.3,26100,11919,40,0.2402,5
1481,3,79,29,0.3,31300,11919,40,0.2413,5
1482,3,79,29,0.3,36300,11919,40,0.2381,5
1483,3,79,29,0.3,39500,11919,40,0.2377,5
1484,3,79,29,0.401,16000,11919,40,0.323,5
1485,3,79,29,0.401,20000,11919,40,0.334,5
1486,3,79,29,0.401,25000,11919,40,0.338,5
1487,3,79,29,0.508,13000,11919,40,0.4174,5
1488,3,79,29,0.508,15700,11919,40,0.4142,5
1489,3,79,29,0.508,20900,11919,40,0.4285,5
1490,3,79,29,0.508,26100,11919,40,0.4348,5
1491,3,79,29,0.508,31300,11919,40,0.4337,5
1492,3,79,29,0.508,36300,11919,40,0.4282,5
1493,3,79,29,0.508,39500,11919,40,0.4279,5
1494,3,79,29,0.604,16000,11919,40,0.518,5
1495,3,79,29,0.604,20000,11919,40,0.53,5
1496,3,79,29,0.604,25000,11919,40,0.537,5
1497,3,79,29,0.802,16000,11919,40,0.751,5
1498,3,79,29,0.802,20000,11919,40,0.761,5
1499,3,79,29,0.802,25000,11919,40,0.762,5
1500,3,79,29,0.2012,15000,11919,52.5,0.145,4
1501,3,79,29,0.2012,20000,11919,52.5,0.158,4
1502,3,79,29,0.2012,25000,11919,52.5,0.154,4
1503,3,79,29,0.2012,30000,11919,52.5,0.157,4
1504,3,79,29,0.2012,39500,11919,52.5,0.164,4
1505,3,79,29,0.2012,48500,11919,52.5,0.152,4
1506,3,79,29,0.401,15000,11919,52.5,0.313,4
1507,3,79,29,0.401,20000,11919,52.5,0.333,4
1508,3,79,29,0.401,25000,11919,52.5,0.331,4
1509,3,79,29,0.401,30000,11919,52.5,0.331,4
1510,3,79,29,0.401,40000,11919,52.5,0.326,4
1511,3,79,29,0.401,48500,11919,52.5,0.35,4
1512,3,79,29,0.6036,15000,11919,52.5,0.511,4
1513,3,79,29,0.6036,20000,11919,52.5,0.531,4
1514,3,79,29,0.6036,25000,11919,52.5,0.529,4
1515,3,79,29,0.6036,30000,11919,52.5,0.533,4
1516,3,79,29,0.6036,40000,11919,52.5,0.552,4
1517,3,79,29,0.6036,48500,11919,52.5,0.521,4
1518,3,79,29,0.8015,20000,11919,52.5,0.752,4
1519,3,79,29,0.8015,25000,11919,52.5,0.745,4
1520,3,79,29,0.8015,30000,11919,52.5,0.754,4
1521,3,79,29,0.8015,40000,11919,52.5,0.758,4
1522,3,79,29,0.8015,48500,11919,52.5,0.751,4
1523,4,79,29,0.2012,20000,13734,25.2,0.162,4
1524,4,79,29,0.2012,30000,13734,52.5,0.168,4
1525,4,79,29,0.2012,40000,13734,52.5,0.172,4
1526,4,79,29,0.2012,48500,13734,52.5,0.167,4
1527,4,79,29,0.401,20000,13734,52.5,0.341,4
1528,4,79,29,0.401,30000,13734,52.5,0.355,4
1529,4,79,29,0.401,40000,13734,52.5,0.358,4
1530,4,79,29,0.401,48500,13734,52.5,0.35,4
1531,4,79,29,0.6036,20000,13734,52.5,0.542,4
1532,4,79,29,0.6036,30000,13734,52.5,0.549,4
1533,4,79,29,0.6036,40000,13734,52.5,0.541,4
1534,4,79,29,0.6036,48500,13734,52.5,0.545,4
1535,4,79,29,0.8015,20000,13734,52.5,0.766,4
1536,4,79,29,0.8015,30000,13734,52.5,0.775,4
1537,4,79,29,0.8015,40000,13734,52.5,0.749,4
1538,4,79,29,0.8015,48500,13734,52.5,0.76,4
1539,8,79,29,0.201,12000,2206,40,0.147,5
1540,8,79,29,0.201,14000,2206,40,0.143,5
1541,8,79,29,0.3,5200,2206,40,0.2317,5
1542,8,79,29,0.3,10400,2206,40,0.2317,5
1543,8,79,29,0.3,15700,2206,40,0.2186,5
1544,8,79,29,0.3,26100,2206,40,0.1886,5
1545,8,79,29,0.3,31500,2206,40,0.1773,5
1546,8,79,29,0.3,36600,2206,40,0.1717,5
1547,8,79,29,0.3,39700,2206,40,0.1689,5
1548,8,79,29,0.401,12000,2206,40,0.316,5
1549,8,79,29,0.401,12000,2206,40,0.322,5
1550,8,79,29,0.401,14000,2206,40,0.314,5
1551,8,79,29,0.508,5200,2206,40,0.4259,5
1552,8,79,29,0.508,10400,2206,40,0.4203,5
1553,8,79,29,0.508,15700,2206,40,0.4034,5
1554,8,79,29,0.508,20800,2206,40,0.3865,5
1555,8,79,29,0.508,26100,2206,40,0.3668,5
1556,8,79,29,0.508,31500,2206,40,0.3499,5
1557,8,79,29,0.508,36600,2206,40,0.3405,5
1558,8,79,29,0.508,39700,2206,40,0.3349,5
1559,8,79,29,0.604,14000,2206,40,0.511,1
1560,8,79,29,0.604,10000,2206,40,0.523,5
1561,8,79,29,0.604,12000,2206,40,0.514,5
1562,8,79,29,0.802,10000,2206,40,0.756,5
1563,8,79,29,0.802,12000,2206,40,0.745,5
1564,8,79,29,0.802,14000,2206,40,0.742,5
1565,8,79,29,0.2012,5000,2206,52.5,0.157,4
1566,8,79,29,0.2012,10000,2206,52.5,0.154,4
1567,8,79,29,0.2012,20000,2206,52.5,0.14,4
1568,8,79,29,0.2012,30000,2206,52.5,0.122,4
1569,8,79,29,0.2012,40000,2206,52.5,0.11,4
1570,8,79,29,0.401,5000,2206,52.5,0.334,4
1571,8,79,29,0.401,10000,2206,52.5,0.332,4
1572,8,79,29,0.401,20000,2206,52.5,0.304,4
1573,8,79,29,0.401,30000,2206,52.5,0.275,4
1574,8,79,29,0.401,40000,2206,52.5,0.253,4
1575,8,79,29,0.6036,5000,2206,52.5,0.533,4
1576,8,79,29,0.6036,10000,2206,52.5,0.531,4
1577,8,79,29,0.6036,20000,2206,52.5,0.5,4
1578,8,79,29,0.6036,30000,2206,52.5,0.462,4
1579,8,79,29,0.6036,40000,2206,52.5,0.428,4
1580,8,79,29,0.8015,5000,2206,52.5,0.765,4
1581,8,79,29,0.8015,10000,2206,52.5,0.749,4
1582,8,79,29,0.8015,20000,2206,52.5,0.728,4
1583,8,79,29,0.8015,30000,2206,52.5,0.704,4
1584,8,79,29,0.8015,40000,2206,52.5,0.675,4
1585,8,79,29,0.3,20800,2206,40,0.2054,5
1586,3,79,31,0.739,28500,11919,17.3,0.718,6
1587,3,79,31,0.739,28500,11919,17.3,0.718,7
1588,8,79,46,0.641,5200,2206,40,0.5786,5
1589,8,79,46,0.641,10300,2206,40,0.5936,5
1590,8,79,46,0.641,15500,2206,40,0.6005,5
1591,8,79,46,0.641,20700,2206,40,0.6033,5
1592,8,79,46,0.641,25800,2206,40,0.5962,5
1593,8,79,46,0.641,31000,2206,40,0.5928,5
1594,8,79,46,0.641,36200,2206,40,0.5883,5
1595,3,79,47,0.199,30000,11919,15.5,0.186,6
1596,3,79,47,0.199,30000,11919,15.5,0.186,7
1597,3,79,47,0.405,30000,11919,15.5,0.399,6
1598,3,79,47,0.405,30000,11919,15.5,0.399,7
1599,3,79,47,0.594,30000,11919,15.5,0.593,6
1600,3,79,47,0.594,30000,11919,15.5,0.593,7
1601,3,79,47,0.804,30000,11919,15.5,0.78,6
1602,3,79,47,0.804,30000,11919,15.5,0.78,7
1603,3,79,47,0.5,19400,11919,17.3,0.45,7
1604,3,79,47,0.5,30000,11919,17.3,0.47,7
1605,3,79,47,0.224,20000,11919,18,0.199,7
1606,3,79,47,0.4,20000,11919,18,0.359,7
1607,3,79,47,0.601,20000,11919,18,0.559,7
1608,3,79,47,0.8,20000,11919,18,0.767,7
1609,3,79,47,0.2243,15000,11919,40,0.2081,8
1610,3,79,47,0.2243,20000,11919,40,0.2072,8
1611,3,79,47,0.2243,25000,11919,40,0.2101,8
1612,3,79,47,0.2243,30000,11919,40,0.2092,8
1613,3,79,47,0.4003,15000,11919,40,0.3658,8
1614,3,79,47,0.4003,20000,11919,40,0.3755,8
1615,3,79,47,0.4003,25000,11919,40,0.3759,8
1616,3,79,47,0.4003,30000,11919,40,0.3791,8
1617,3,79,47,0.6005,15000,11919,40,0.5859,8
1618,3,79,47,0.6005,20000,11919,40,0.58,8
1619,3,79,47,0.6005,25000,11919,40,0.5808,8
1620,3,79,47,0.6005,30000,11919,40,0.5806,8
1621,3,79,47,0.8005,15000,11919,40,0.8251,8
1622,3,79,47,0.8005,20000,11919,40,0.7989,8
1623,3,79,47,0.8005,25000,11919,40,0.7939,8
1624,3,79,47,0.8005,30000,11919,40,0.7942,8
1625,3,79,47,0.2243,15000,11919,52.5,0.203,4
1626,3,79,47,0.2243,20000,11919,52.5,0.203,4
1627,3,79,47,0.2243,30000,11919,52.5,0.211,4
1628,3,79,47,0.2243,40000,11919,52.5,0.216,4
1629,3,79,47,0.2243,48500,11919,52.5,0.214,4
1630,3,79,47,0.4003,15000,11919,52.5,0.368,4
1631,3,79,47,0.4003,20000,11919,52.5,0.366,4
1632,3,79,47,0.4003,30000,11919,52.5,0.376,4
1633,3,79,47,0.4003,40000,11919,52.5,0.384,4
1634,3,79,47,0.4003,48500,11919,52.5,0.385,4
1635,3,79,47,0.6005,15000,11919,52.5,0.566,4
1636,3,79,47,0.6005,20000,11919,52.5,0.573,4
1637,3,79,47,0.6005,30000,11919,52.5,0.58,4
1638,3,79,47,0.6005,40000,11919,52.5,0.584,4
1639,3,79,47,0.6005,48500,11919,52.5,0.584,4
1640,3,79,47,0.8005,15000,11919,52.5,0.789,4
1641,3,79,47,0.8005,20000,11919,52.5,0.783,4
1642,3,79,47,0.8005,30000,11919,52.5,0.783,4
1643,3,79,47,0.8005,40000,11919,52.5,0.79,4
1644,3,79,47,0.8005,48500,11919,52.5,0.788,4
1645,8,79,47,0.2243,10000,2206,40,0.2028,8
1646,8,79,47,0.2243,15000,2206,40,0.2,8
1647,8,79,47,0.2243,20000,2206,40,0.1964,8
1648,8,79,47,0.2243,25000,2206,40,0.1921,8
1649,8,79,47,0.2243,30000,2206,40,0.1885,8
1650,8,79,47,0.4003,10000,2206,40,0.368,8
1651,8,79,47,0.4003,15000,2206,40,0.366,8
1652,8,79,47,0.4003,20000,2206,40,0.3602,8
1653,8,79,47,0.4003,25000,2206,40,0.3541,8
1654,8,79,47,0.4003,30000,2206,40,0.3492,8
1655,8,79,47,0.6005,10000,2206,40,0.577,8
1656,8,79,47,0.6005,15000,2206,40,0.5676,8
1657,8,79,47,0.6005,20000,2206,40,0.5626,8
1658,8,79,47,0.6005,25000,2206,40,0.5528,8
1659,8,79,47,0.6005,30000,2206,40,0.5497,8
1660,8,79,47,0.8005,10000,2206,40,0.7963,8
1661,8,79,47,0.8005,15000,2206,40,0.7873,8
1662,8,79,47,0.8005,20000,2206,40,0.7794,8
1663,8,79,47,0.8005,25000,2206,40,0.7724,8
1664,8,79,47,0.8005,30000,2206,40,0.7711,8
1665,8,79,47,0.2243,5000,2206,52.5,0.198,4
1666,8,79,47,0.2243,10000,2206,52.5,0.201,4
1667,8,79,47,0.2243,20000,2206,52.5,0.197,4
1668,8,79,47,0.2243,30000,2206,52.5,0.192,4
1669,8,79,47,0.2243,40000,2206,52.5,0.185,4
1670,8,79,47,0.2243,48500,2206,52.5,0.181,4
1671,8,79,47,0.4003,5000,2206,52.5,0.365,4
1672,8,79,47,0.4003,10000,2206,52.5,0.362,4
1673,8,79,47,0.4003,20000,2206,52.5,0.364,4
1674,8,79,47,0.4003,30000,2206,52.5,0.351,4
1675,8,79,47,0.4003,40000,2206,52.5,0.344,4
1676,8,79,47,0.4003,48500,2206,52.5,0.337,4
1677,8,79,47,0.6005,5000,2206,52.5,0.566,4
1678,8,79,47,0.6005,10000,2206,52.5,0.559,4
1679,8,79,47,0.6005,20000,2206,52.5,0.551,4
1680,8,79,47,0.6005,30000,2206,52.5,0.547,4
1681,8,79,47,0.6005,40000,2206,52.5,0.541,4
1682,8,79,47,0.6005,48500,2206,52.5,0.537,4
1683,8,79,47,0.8005,5000,2206,52.5,0.789,4
1684,8,79,47,0.8005,10000,2206,52.5,0.771,4
1685,8,79,47,0.8005,20000,2206,52.5,0.764,4
1686,8,79,47,0.8005,30000,2206,52.5,0.766,4
1687,8,79,47,0.8005,40000,2206,52.5,0.761,4
1688,8,79,47,0.8005,48500,2206,52.5,0.755,4
1689,3,82,16,0.866,20000,13035,75,0.807,7
1690,3,82,16,0.866,25000,13035,75,0.809,7
1691,3,82,16,0.866,30000,13035,75,0.813,7
1692,3,82,16,0.866,35000,13035,75,0.818,7
1693,3,82,16,0.866,40000,13035,75,0.826,7
1694,3,92,6,0.952,30000,17166,15.5,0.924,7
1695,3,92,6,0.908,31500,17166,15.6,0.866,7
1696,3,92,6,0.952,31500,17166,15.6,0.92,7
1697,9,92,6,0.908,10000,3728,52.5,0.855,7
1698,9,92,6,0.908,15000,3728,52.5,0.868,7
1699,9,92,6,0.908,20000,3728,52.5,0.878,7
1700,9,92,6,0.908,25000,3728,52.5,0.889,7
1701,9,92,6,0.908,30000,3728,52.5,0.898,7
1702,9,92,6,0.908,35000,3728,52.5,0.907,7
1703,9,92,6,0.9084,10000,3728,52.5,0.8493,5
1704,9,92,6,0.9084,15000,3728,52.5,0.8588,5
1705,9,92,6,0.9084,20000,3728,52.5,0.8648,5
1706,9,92,6,0.9084,25000,3728,52.5,0.8709,5
1707,9,92,6,0.9084,30000,3728,52.5,0.8747,5
1708,9,92,6,0.9084,35000,3728,52.5,0.8746,5
1709,9,92,7,0.944,10000,3728,52.5,0.909,7
1710,9,92,7,0.944,15000,3728,52.5,0.918,7
1711,9,92,7,0.944,20000,3728,52.5,0.926,7
1712,9,92,7,0.944,25000,3728,52.5,0.933,7
1713,9,92,7,0.944,30000,3728,52.5,0.938,7
1714,9,92,7,0.944,35000,3728,52.5,0.943,7
1715,9,92,7,0.9444,10000,3728,52.5,0.9061,5
1716,9,92,7,0.9444,15000,3728,52.5,0.9129,5
1717,9,92,7,0.9444,20000,3728,52.5,0.9179,5
1718,9,92,7,0.9444,25000,3728,52.5,0.9218,5
1719,9,92,7,0.9444,30000,3728,52.5,0.9243,5
1720,9,92,7,0.9444,35000,3728,52.5,0.9259,5
1721,3,92,8,0.882,28500,17166,15.2,0.837,7
1722,3,92,8,0.881,30000,17166,15.5,0.826,7
1723,3,92,13,0.815,28500,17166,15.2,0.725,7
1724,3,92,13,0.688,31500,17166,15.6,0.578,7
1725,3,92,13,0.746,31500,17166,15.6,0.644,7
1726,8,92,13,0.815,11000,3552,15.4,0.728,7
1727,9,92,14,0.962,10000,3728,52.5,0.939,7
1728,9,92,14,0.962,15000,3728,52.5,0.943,7
1729,9,92,14,0.962,20000,3728,52.5,0.946,7
1730,9,92,14,0.962,25000,3728,52.5,0.948,7
1731,9,92,14,0.962,30000,3728,52.5,0.949,7
1732,9,92,14,0.962,35000,3728,52.5,0.95,7
1733,9,92,14,0.9622,10000,3728,52.5,0.9359,5
1734,9,92,14,0.9622,15000,3728,52.5,0.9433,5
1735,9,92,14,0.9622,20000,3728,52.5,0.9471,5
1736,9,92,14,0.9622,25000,3728,52.5,0.9493,5
1737,9,92,14,0.9622,30000,3728,52.5,0.9507,5
1738,9,92,14,0.9622,35000,3728,52.5,0.9521,5
1739,9,92,15,0.884,10000,3728,52.5,0.822,7
1740,9,92,15,0.884,15000,3728,52.5,0.831,7
1741,9,92,15,0.884,20000,3728,52.5,0.838,7
1742,9,92,15,0.884,25000,3728,52.5,0.843,7
1743,9,92,15,0.884,30000,3728,52.5,0.845,7
1744,9,92,15,0.884,35000,3728,52.5,0.847,7
1745,9,92,15,0.8849,10000,3728,52.5,0.8242,5
1746,9,92,15,0.8849,15000,3728,52.5,0.8349,5
1747,9,92,15,0.8849,20000,3728,52.5,0.8432,5
1748,9,92,15,0.8849,25000,3728,52.5,0.8506,5
1749,9,92,15,0.8849,30000,3728,52.5,0.8544,5
1750,9,92,15,0.8849,35000,3728,52.5,0.8592,5
1751,9,92,16,0.881,25000,3728,52.5,0.829,5
1752,9,92,16,0.881,10000,3728,52.5,0.814,7
1753,9,92,16,0.881,15000,3728,52.5,0.821,7
1754,9,92,16,0.881,20000,3728,52.5,0.827,7
1755,9,92,16,0.881,30000,3728,52.5,0.829,7
1756,9,92,16,0.881,35000,3728,52.5,0.827,7
1757,9,92,16,0.8813,10000,3728,52.5,0.8191,5
1758,9,92,16,0.8813,15000,3728,52.5,0.8291,5
1759,9,92,16,0.8813,20000,3728,52.5,0.8394,5
1760,9,92,16,0.8813,25000,3728,52.5,0.8452,5
1761,9,92,16,0.8813,30000,3728,52.5,0.85,5
1762,9,92,16,0.8813,35000,3728,52.5,0.853,5
1763,3,92,22,0.554,31500,17166,15.6,0.474,7
1764,3,92,22,0.833,31500,17166,15.6,0.779,7
1765,3,92,22,0.952,31500,17166,15.6,0.937,7
1766,3,92,26,0.681,31500,17166,15.6,0.586,7
1767,9,92,26,0.962,10000,3728,52.5,0.944,7
1768,9,92,26,0.962,15000,3728,52.5,0.949,7
1769,9,92,26,0.962,20000,3728,52.5,0.953,7
1770,9,92,26,0.962,25000,3728,52.5,0.956,7
1771,9,92,26,0.962,30000,3728,52.5,0.958,7
1772,9,92,26,0.962,35000,3728,52.5,0.96,7
1773,9,92,26,0.9624,10000,3728,52.5,0.9436,5
1774,9,92,26,0.9624,15000,3728,52.5,0.9478,5
1775,9,92,26,0.9624,20000,3728,52.5,0.9506,5
1776,9,92,26,0.9624,25000,3728,52.5,0.9524,5
1777,9,92,26,0.9624,30000,3728,52.5,0.9538,5
1778,9,92,26,0.9624,35000,3728,52.5,0.9549,5
1779,3,92,28,0.448,31500,17166,15.6,0.353,7
1780,3,92,28,0.67,31500,17166,15.6,0.58,7
1781,3,92,29,0.428,31500,17166,15.6,0.343,7
1782,3,92,32,0.522,31500,17166,15.6,0.436,7
1783,8,92,41,0.8714,10000,3552,40,0.8161,9
1784,8,92,41,0.8714,15000,3552,40,0.8075,9
1785,8,92,41,0.8714,20000,3552,40,0.8027,9
1786,8,92,41,0.8714,25000,3552,40,0.7926,9
1787,8,92,41,0.8714,30000,3552,40,0.7791,9
1788,8,92,41,0.8714,35000,3552,40,0.7632,9
1789,8,92,41,0.8714,40000,3552,40,0.7555,9
1790,8,92,41,0.9259,10000,3552,40,0.9026,9
1791,8,92,41,0.9259,15000,3552,40,0.8796,9
1792,8,92,41,0.9259,20000,3552,40,0.88,9
1793,8,92,41,0.9259,25000,3552,40,0.8792,9
1794,8,92,41,0.9259,30000,3552,40,0.8654,9
1795,8,92,41,0.9259,35000,3552,40,0.8562,9
1796,8,92,41,0.9259,40000,3552,40,0.8489,9
1797,8,92,41,0.9413,10000,3552,40,0.9026,9
1798,8,92,41,0.9413,15000,3552,40,0.9083,9
1799,8,92,41,0.9413,20000,3552,40,0.9066,9
1800,8,92,41,0.9413,25000,3552,40,0.9052,9
1801,8,92,41,0.9413,30000,3552,40,0.8964,9
1802,8,92,41,0.9413,35000,3552,40,0.8888,9
1803,8,92,41,0.9413,40000,3552,40,0.8793,9
1804,8,92,41,0.9594,10000,3552,40,0.9308,9
1805,8,92,41,0.9594,15000,3552,40,0.9319,9
1806,8,92,41,0.9594,20000,3552,40,0.9327,9
1807,8,92,41,0.9594,25000,3552,40,0.934,9
1808,8,92,41,0.9594,30000,3552,40,0.9218,9
1809,8,92,41,0.9594,35000,3552,40,0.9255,9
1810,8,92,41,0.9594,40000,3552,40,0.9203,9
1811,8,92,41,0.9811,10000,3552,40,0.9675,9
1812,8,92,41,0.9811,15000,3552,40,0.9686,9
1813,8,92,41,0.9811,20000,3552,40,0.9669,9
1814,8,92,41,0.9811,25000,3552,40,0.9739,9
1815,8,92,41,0.9811,35000,3552,40,0.968,9
1816,8,92,41,0.9811,40000,3552,40,0.9663,9
1817,8,92,41,0.9868,10000,3552,40,0.976,9
1818,8,92,41,0.9868,15000,3552,40,0.975,9
1819,8,92,41,0.9868,20000,3552,40,0.9747,9
1820,8,92,41,0.9868,25000,3552,40,0.9824,9
1821,8,92,41,0.9868,30000,3552,40,0.9691,9
1822,8,92,41,0.9868,35000,3552,40,0.9736,9
1823,8,92,41,0.9868,40000,3552,40,0.9709,9
1824,3,92,50,0.401,31500,17166,15.6,0.371,7
1825,8,92,51,0.9811,30000,3552,40,0.9691,9
1826,3,92,77,0.381,31500,17166,15.6,0.313,7
